Position_X1,Position_Y1,Position_X2,Position_Y2,Position_X3,Position_Y3,Velocity_X1,Velocity_Y1,Velocity_X2,Velocity_Y2,Velocity_X3,Velocity_Y3,Momentum_X1,Momentum_Y1,Momentum_X2,Momentum_Y2,Momentum_X3,Momentum_Y3
100000000000.0,0.0,-100000000000.0,0.0,0.0,150000000000.0,0.0,30000.0,0.0,-30000.0,20000.0,0.0,0.0,1.7916e+29,0.0,-5.967e+34,1.4696e+27,0.0
100000000000.0,300000000.0,-100000000000.0,-300000000.0,200000000.0,150000000000.0,-33.18795758704697,30000.000001255572,0.00010048434597226174,-29999.999998744428,19977.342386649645,-33.98662411553673,-1.981984827098445e+26,1.791600000074983e+29,1.998633641388286e+26,-5.966999999750266e+34,1.467935118571016e+27,-2.497337140009639e+24
99999668120.42413,600000000.0125557,-99999999998.99516,-599999999.9874443,399773423.86649644,149999660133.75885,-66.37546714507644,29999.900439990026,0.00020096400855107666,-29999.999997194926,19954.775133128813,-67.83770930560767,-3.963942897903965e+26,1.7915940542762045e+29,3.997174130080914e+26,-5.96699999944207e+34,1.466276876782305e+27,-4.984714879776052e+24
99999004365.75269,899999004.412456,-99999999996.98552,-899999999.9593935,599321175.1977845,149998981756.6658,-99.56174280260586,29999.701323276407,0.0003014366518237048,-29999.999995351478,19932.297598527675,-101.55421694059726,-5.945827280171622e+26,1.791582163026067e+29,5.995575004773488e+26,-5.966999999075409e+34,1.4646252275398137e+27,-7.462203860795087e+24
99998008748.32466,1199996017.64522,-99999999993.97115,-1199999999.9129083,798644151.1830614,149997966214.4964,-132.74599882959825,29999.402664928988,0.0004018999400620609,-29999.999993214093,19909.909148433886,-135.13709864472094,-7.927591050103608e+26,1.7915643271495593e+29,7.993789807834391e+26,-5.966999998650283e+34,1.4629801242269218e+27,-9.929874008414094e+24
99996681288.33636,1499990044.29451,-99999999989.95215,-1499999999.8450494,997743242.6674002,149996614843.50995,-165.92744972767463,29999.004485500664,0.0005023515379967371,-29999.999990782795,19887.60915484708,-168.58729642427207,-9.909187297736729e+26,1.7915405478740996e+29,9.9917720907551e+26,-5.966999998166698e+34,1.4613415206981633e+27,-1.2387794541255512e+25
99995022013.83908,1799980089.1495166,-99999999984.92863,-1799999999.7528772,1196619334.215871,149994928970.54572,-199.1053103202647,29998.506812279047,0.0006027891110907886,-29999.999988057636,19865.396996094758,-201.9057427937964,-1.1890569132326209e+27,1.7915108268293047e+29,1.1989475419595785e+27,-5.9669999976246635e+34,1.4597093712730426e+27,-1.4836033980488159e+25
99993030960.73589,2099965157.272307,-99999999978.90074,-2099999999.6334536,1395273304.1768186,149992909913.11777,-232.27879584267185,29997.90967928133,0.0007032103258132137,-29999.99998503868,19843.272056749527,-235.09336090023396,-1.3871689687724365e+27,1.791475166046681e+29,1.398685338042482e+27,-5.966999997024193e+34,1.4580836307299552e+27,-1.7274660158949191e+25
99990708172.77747,2399944254.06512,-99999999971.86864,-2399999999.4838405,1593706024.744314,149990558979.50876,-265.44712203202863,29997.213127247833,0.0008036128499120529,-29999.999981726018,19821.233727547668,-268.1510646450668,-1.585250212775275e+27,1.7914335679592407e+29,1.5983859584750732e+27,-5.966999996365304e+34,1.4564642543002025e+27,-1.9703740230119507e+25
99988053701.55714,2699916385.337599,-99999999963.8325,-2699999999.3011007,1791918362.0197906,149987877468.8623,-298.6095052171187,29996.41720363433,0.0009039943526870427,-29999.999978119755,19799.281405309004,-301.0797588045112,-1.7832959651566328e+27,1.7913860354010423e+29,1.798044767494528e+27,-5.966999995648019e+34,1.4548511976621057e+27,-2.2123340676955483e+25
99985067606.50497,2999880557.373942,-99999999954.79256,-2999999999.0822983,1989911176.0728807,149984866671.27426,-331.7651624080413,29995.52196260309,0.0010043525052617463,-29999.999974220023,19777.41449285806,-333.88033914779055,-1.9813015499008227e+27,1.7913325716066565e+29,1.9976571329656132e+27,-5.966999994872362e+34,1.4532444169352102e+27,-2.453352732057965e+25
99981749954.88089,3299835776.999973,-99999999944.74904,-3299999998.8244987,2187685321.0014615,149981527867.88278,-364.9133113856952,29994.52746501265,0.0011046849808550962,-29999.999970026973,19755.63239894647,-366.55369255352616,-2.1792622955953716e+27,1.7912731802105554e+29,2.1972184269207862e+27,-5.966999994038365e+34,1.4516438686745864e+27,-2.69343653288331e+25
99978100821.76703,3599781051.6500993,-99999999933.7022,-3599999998.5247684,2385241644.9909263,149977862330.95724,-398.05317079105714,29993.43377840636,0.0012049894550522767,-29999.999965540774,19733.934538176596,-399.10069712428066,-2.3771735359641933e+27,1.791207865246428e+29,2.3967240260989784e+27,-5.96699999314606e+34,1.450049509865216e+27,-2.9325919224692143e+25
99974120290.05911,3899715389.434163,-99999999921.6523,-3899999998.1801763,2582580990.372692,149973871323.986,-431.18396021423257,29992.24097699966,0.001305263606074875,-29999.999960761616,19712.3203309264,-431.52222229928896,-2.575030610399397e+27,1.7911366311464197e+29,2.596169312482926e+27,-5.966999992195485e+34,1.4484612979164717e+27,-3.170825289455175e+25
99969808450.45697,4199637799.2041597,-99999999908.59966,-4199999997.787792,2779704193.6819563,149969556101.763,-464.3049002832544,29990.949141666097,0.0014055051150502343,-29999.999955689713,19690.78920327546,-463.8191289654114,-2.7728288644915956e+27,1.7910594827402994e+29,2.795549673834916e+27,-5.966999991186683e+34,1.446879190656681e+27,-3.4081429596378425e+25
99965165401.45413,4499547290.620821,-99999999894.5446,-4499999997.344689,2976612085.7147107,149964917910.47336,-497.4152127526068,29989.558359922135,0.0015057116662799362,-29999.999950325295,19669.340586932176,-495.99226956634095,-2.970563650558568e+27,1.79097642525455e+29,2.994860504230793e+27,-5.966999990119701e+34,1.4453031463277763e+27,-3.644551196773473e+25
99960191249.3266,4799442874.220042,-99999999879.48749,-4799999996.847942,3173305491.5840325,149959957987.7777,-530.5141205914504,29988.0687259107,0.001605880947507347,-29999.999944668612,19647.97391916209,-528.0424882100986,-3.1682303281721416e+27,1.790887464311387e+29,3.194097204592113e+27,-5.966999988994587e+34,1.4437331235800302e+27,-3.880056203367804e+25
99954886108.12068,5099323561.479149,-99999999863.42868,-5099999996.294628,3369785230.7756534,149954677562.8956,-563.6008480715265,29986.480340383496,0.0017060106501841556,-29999.999938719935,19626.688642717367,-559.9706207748472,-3.365824264683156e+27,1.7907926059277025e+29,3.3932551832162854e+27,-5.966999987811395e+34,1.4421690814668722e+27,-4.114664121453577e+25
99949250099.63997,5399188364.882984,-99999999846.36858,-5399999995.681828,3566052117.202827,149949077856.68784,-596.6746208547166,29984.793310682122,0.00180609846973584,-29999.999932479557,19605.48420576733,-591.7774950130564,-3.563340835744368e+27,1.7906918565139365e+29,3.5923298563045853e+27,-5.966999986570184e+34,1.4406109794397833e+27,-4.348381033355938e+25
99943283353.43143,5699036297.989805,-99999999828.30759,-5699999995.006623,3762106959.2605004,149943160081.7377,-629.7346660802357,29983.007750717952,0.001906142105825989,-29999.99992594779,19584.360061830117,-623.4639306540475,-3.7607754258311676e+27,1.7905852228728763e+29,3.791316648487892e+27,-5.9669999852710155e+34,1.439058777343277e+27,-4.581212962445941e+25
99936986006.77063,5998866375.4969845,-99999999809.24617,-5999999994.266101,3957950559.878802,149936925442.43115,-662.7802124514347,29981.123780950802,0.0020061392626194168,-29999.999919124966,19563.31566970536,-655.0307395049498,-3.958123428759969e+27,1.790472712198382e+29,3.99021099335002e+27,-5.966999983913956e+34,1.4375124354099497e+27,-4.813165873882371e+25
99930358204.64612,6298677613.306493,-99999999789.18478,-6299999993.457351,4153583716.5758553,149930375135.0361,-695.8104903221923,29979.141528366417,0.0021060876490440017,-29999.999912011437,19542.350493407932,-686.4787255500958,-4.155380248204133e+27,1.7903543320740424e+29,4.189008333948519e+27,-5.966999982499075e+34,1.4359719142556148e+27,-5.044245675342103e+25
99923400099.74289,6598469028.590157,-99999999768.1239,-6599999992.577465,4349007221.509934,149923510347.7806,-728.8247317828713,29977.061126452743,0.002205984979051183,-29999.99990460757,19521.4640021027,-717.8086850488858,-4.3525412982073074e+27,1.790230090471758e+29,4.387704123332802e+27,-5.966999981026446e+34,1.4344371748745065e+27,-5.274458217739212e+25
99916111852.42506,6898239639.854684,-99999999746.06406,-6899999991.623541,4544221861.530961,149916332260.9301,-761.8221707458196,29974.88271517503,0.0023058289718750507,-29999.999896913763,19500.65567004029,-749.021406632148,-4.549602003694035e+27,1.790099995750253e+29,4.5862938250594755e+27,-5.966999979496147e+34,1.4329081786345606e+27,-5.503809295933023e+25
99908493630.7176,7197988467.006434,-99999999723.00577,-7199999990.592678,4739228418.231364,149908842046.8638,-794.8020430303932,29972.606440949756,0.002405617352289967,-29999.999888930422,19479.924976493825,-780.1176713970227,-4.7465578009775083e+27,1.7899640566535196e+29,4.784772913704744e+27,-5.9669999779082605e+34,1.4313848872727662e+27,-5.732304649425323e+25
99900545610.28731,7497714531.415932,-99999999698.9496,-7499999989.481982,4934027667.996303,149901040870.14984,-827.7635864474795,29970.232456617374,0.002505347850866647,-29999.99988065798,19459.271405696643,-811.0982530003969,-4.943404138264348e+27,1.7898222823091897e+29,4.983136875373761e+27,-5.966999976262872e+34,1.4298672628905894e+27,-5.959949963046916e+25
99892267974.42284,7797416855.982105,-99999999673.89612,-7799999988.288562,5128620382.053269,149892929887.61984,-860.7060408834994,29967.76092141392,0.002605018204226645,-29999.999872096883,19438.694446780955,-841.9639177509152,-5.140136476156259e+27,1.7896746822268395e+29,5.181381208206797e+27,-5.9669999745600695e+34,1.4283552679494645e+27,-6.186750867633725e+25
99883660914.014,8097094465.196244,-99999999647.84593,-8099999987.009531,5323007326.521079,149884510248.44232,-893.6286483838683,29965.192000941464,0.0027046261552951772,-29999.999863247605,19418.193593717428,-872.7154246995942,-5.336750288148462e+27,1.7895212662962243e+29,5.379501422882107e+27,-5.9669999727999485e+34,1.4268488652663565e+27,-6.412712940692618e+25
99874724627.53017,8396746385.205659,-99999999620.79967,-8399999985.642007,5517189262.458253,149875783094.1953,-926.5306532358932,29962.52586713744,0.0028041694535522214,-29999.999854110632,19397.7683452557,-903.3535257290631,-5.533241061124754e+27,1.7893620447854478e+29,5.577493043115368e+27,-5.966999970982605e+34,1.4253480180093886e+27,-6.637841707057155e+25
99865459320.9978,8696371643.877033,-99999999592.75798,-8699999984.183113,5711166945.9108095,149866749558.93802,-959.411302051088,29959.762698242826,0.0029036458552818317,-29999.999844686474,19377.418204865786,-933.8789656414576,-5.729604295849098e+27,1.789197028339062e+29,5.775351606155563e+27,-5.96699996910814e+34,1.423852689693538e+27,-6.86214263953343e+25
99855865207.9773,8995969270.85946,-99999999563.72153,-8999999982.629978,5904941127.959467,149857410769.28162,-992.2698438468841,29956.902678769242,0.0030030531238196094,-29999.999834975653,19357.142680680357,-964.2924822449895,-5.925835507453593e+27,1.7890262279760993e+29,5.973072663277203e+27,-5.966999967176657e+34,1.4223628441763927e+27,-7.085621159536182e+25
99845942509.53883,9295538297.647154,-99999999533.691,-9299999980.979734,6098512554.766271,149847767844.45917,-1025.1055301277172,29953.945999464922,0.0031023890297982677,-29999.999824978717,19336.941285437904,-994.5948064392162,-6.121930225922727e+27,1.7888496550880452e+29,6.170651780268754e+27,-5.966999965188267e+34,1.420878445653977e+27,-7.30828263771536e+25
99835691454.23755,9595077757.641804,-99999999502.6671,-9599999979.22952,6291881967.620649,149837821896.39478,-1057.917614965472,29950.892857279614,0.0032016513513912354,-29999.99981469623,19316.813536426736,-1024.7866622990337,-6.317883996573799e+27,1.7886673214367386e+29,6.368084537917167e+27,-5.96699996314308e+34,1.4193994586566366e+27,-7.530132394573299e+25
99825112278.08789,9894586686.2146,-99999999470.65059,-9899999977.376484,6485050102.984917,149827574029.7718,-1090.705355079263,29947.743455328404,0.003300837874554238,-29999.99980412878,19296.758955429825,-1054.8687671574148,-6.513692380533359e+27,1.7884792391522124e+29,6.565366532488379e+27,-5.966999961041214e+34,1.4179258480449834e+27,-7.751175701072684e+25
99814205224.5371,10194064120.767883,-99999999437.64221,-10199999975.417772,6678017692.539215,149817025342.10022,-1123.4680099145335,29944.498002854463,0.0033999463932648027,-29999.999793276962,19276.777068670464,-1084.8418316869158,-6.709350955209594e+27,1.7882854207304687e+29,6.762493376203693e+27,-5.966999958882788e+34,1.4164575790059055e+27,-7.971417779235457e+25
99802970544.43794,10493509100.796429,-99999999403.64275,-10499999973.350542,6870785463.22592,149806176923.78336,-1156.2048417214546,29941.156715190762,0.003498974709759627,-29999.9997821414,19256.86740675875,-1114.706559979972,-6.904855314760527e+27,1.7880858790311924e+29,6.959460697711898e+27,-5.966999956667924e+34,1.4149946170486327e+27,-8.190863802732834e+25
99791408496.02072,10792920667.948336,-99999999368.653,-10799999971.171955,7063354137.293508,149795029858.18356,-1188.9151156326045,29937.719813720738,0.0035979206347697625,-29999.999770722734,19237.029504638827,-1144.463649628005,-7.100201070557914e+27,1.7878806272754025e+29,7.156264142557057e+27,-5.966999954396752e+34,1.413536928000861e+27,-8.40951889746658e+25
99779519344.8644,11092297866.085543,-99999999332.6738,-11099999968.879183,7255724432.339896,149783585221.6873,-1221.5980997399106,29934.18752583794,0.0036967819877535522,-29999.99975902162,19217.262901536946,-1174.113791799361,-7.295383851646746e+27,1.787669679043042e+29,7.352899373641815e+27,-5.9669999520694e+34,1.4120844780049348e+27,-8.627388142141705e+25
99767303363.86699,11391639741.343922,-99999999295.70598,-11399999966.469398,7447897061.355266,149771844083.7693,-1254.2530651708357,29930.560084904686,0.003795556597127275,-29999.99974703873,19197.567140910258,-1203.6576713161026,-7.490399305200231e+27,1.787453048270508e+29,7.549362071686149e+27,-5.966999949686004e+34,1.4106372335140858e+27,-8.844476568830721e+25
99754760833.21529,11690945342.192968,-99999999257.75041,-11699999963.939785,7639872732.764368,149759807507.05612,-1286.8792861637933,29926.837730209685,0.00389424230049344,-29999.999734774767,19177.94177039638,-1233.0959667296709,-7.685243096970174e+27,1.7872307492481224e+29,7.745647935681452e+27,-5.9669999472467005e+34,1.4091951612887262e+27,-9.060789163529622e+25
99741892040.35365,11990213719.495066,-99999999218.80798,-11999999961.287533,7831652150.468332,149747476547.38882,-1319.4760401427707,29923.02070692473,0.0039928369448666845,-29999.999722230434,19158.386341763693,-1262.4293503954414,-7.879910911732627e+27,1.787002796617545e+29,7.941752683339835e+27,-5.966999944751633e+34,1.4077582283927962e+27,-9.276330866705703e+25
99728697279.95222,12289443926.564314,-99999999178.87961,-12299999958.509838,8023236013.885969,149734852253.88486,-1352.0426077911475,29919.109266060386,0.004091338386897221,-29999.99970940646,19138.90041086236,-1291.6584885461903,-8.074398453728733e+27,1.7867692053691262e+29,8.137672051538571e+27,-5.966999942200945e+34,1.406326402190166e+27,-9.491106573837405e+25
99715176853.87431,12588635019.224918,-99999999137.96622,-12599999955.603903,8214625017.994593,149721935668.9994,-1384.5782731246902,29915.103664420767,0.0041897444930917875,-29999.999696303596,19119.483537576067,-1320.78404136449,-8.26870144710065e+27,1.7865299908392082e+29,8.333401796759565e+27,-5.966999939594784e+34,1.4048996503410894e+27,-9.705121135946272e+25
99701331071.14307,12887786055.869125,-99999999096.06877,-12899999952.566938,8405819853.370354,149708727828.58575,-1417.0823235637074,29911.004164557344,0.004288053140032055,-29999.999682922604,19100.135285774453,-1349.8066630540543,-8.462815636322461e+27,1.7862851687073647e+29,8.528937695523758e+27,-5.966999936933306e+34,1.4034779407987068e+27,-9.91837936012119e+25
99687160247.90742,13186896097.514698,-99999999053.18823,-13199999949.396164,8596821206.228098,149695229761.9552,-1449.554050004351,29906.811034721864,0.004386262214590439,-29999.999669264264,19080.85522326625,-1378.7270019100497,-8.656736786625985e+27,1.7860347549935897e+29,8.724275544820384e+27,-5.966999934216662e+34,1.402061241805604e+27,-1.0130886010035046e+26
99672664707.40738,13485964207.861917,-99999999009.3256,-13499999946.088806,8787629758.46076,149681442491.9361,-1481.9927468890467,29902.52454881837,0.0044843696141432755,-29999.999655329375,19061.642921753075,-1407.5457003883905,-8.850460684421387e+27,1.785778766055433e+29,8.919411162530975e+27,-5.966999931445012e+34,1.4006495218904158e+27,-1.0342645806453894e+26
99657844779.93849,13784989453.350101,-99999998964.48192,-13799999942.6421,8978246187.678291,149667367034.93222,-1514.39771227604,29898.144986354302,0.004582373246781315,-29999.999641118757,19042.497956783896,-1436.2633951740356,-9.043983137712511e+27,1.785517218585079e+29,9.114340387848034e+27,-5.966999928618521e+34,1.3992427498644805e+27,-1.0553663427738814e+26
99642700802.81573,14083970903.213644,-99999998918.65819,-14099999939.053288,9168671167.24613,149653004400.98047,-1546.7682479080424,29893.672632390793,0.0046802710315174915,-29999.99962663324,19023.419907710177,-1464.8807172483052,-9.23729997650683e+27,1.7852501296063783e+29,9.30905908168829e+27,-5.9669999257373505e+34,1.3978408948185436e+27,-1.0763943510340547e+26
99627233120.33665,14382907629.537552,-99999998871.85548,-14399999935.31962,9358905366.323233,149638355593.80798,-1579.1036592799637,29889.107777492056,0.0047780608984919265,-29999.999611873667,19004.408357641616,-1493.3982919552311,-9.430407053219944e+27,1.7849775164718256e+29,9.503563127100441e+27,-5.966999922801672e+34,1.3964439261195058e+27,-1.0973490649287038e+26
99611442083.74385,14681798707.312473,-99999998824.07487,-14699999931.438356,9548949449.899649,149623421610.88843,-1611.4032557057171,29884.450717673964,0.004875740789174121,-29999.999596840913,18985.462893402564,-1521.8167390669598,-9.623300243074544e+27,1.7846993968594893e+29,9.697848429667326e+27,-5.966999919811658e+34,1.3950518134072202e+27,-1.118230939866402e+26
99595328051.1868,14980643214.489212,-99999998775.31747,-14999999927.406765,9738804078.833673,149608203443.49777,-1643.6663503840837,29879.701754351827,0.004973308656562302,-29999.999581535856,18966.58310548904,-1550.1366728482242,-9.815975444493748e+27,1.784415788769891e+29,9.891910917902419e+27,-5.966999916767482e+34,1.3936645265913348e+27,-1.1390404272088752e+26
99578891387.68295,15279440232.03273,-99999998725.58438,-15299999923.222124,9928469909.888563,149592702076.7693,-1675.8922604636232,29874.86119428735,0.0050707624653798826,-29999.999565959395,18947.76858802636,-1578.3587021198969,-1.0008428579488758e+28,1.7841267105228406e+29,1.0085746543640585e+28,-5.966999913669324e+34,1.392282035848177e+27,-1.1597779743177001e+26
99562132465.07832,15578188843.975603,-99999998674.87675,-15599999918.881718,10117947595.768827,149576918489.74808,-1708.0803071066184,29869.92934953483,0.005168100192269002,-29999.999550112447,18929.018938727368,-1606.483430321644,-1.0200655594040726e+28,1.78383218075422e+29,1.0279351282423044e+28,-5.966999910517365e+34,1.390904311617687e+27,-1.180444024600344e+26
99545051662.00726,15876888137.470951,-99999998623.19576,-15899999914.382843,10307237785.156101,149560853655.44485,-1740.2298155520411,29864.90653738657,0.0052653198259810996,-29999.99953399594,18910.33375885126,-1634.5114555736932,-1.039265245847679e+28,1.7835322184127262e+29,1.0472721133876407e+28,-5.966999907311792e+34,1.3895313246003904e+27,-1.2010390175555498e+26
99527649363.85175,16175537202.844816,-99999998570.54256,-16199999909.722803,10496341122.744614,149544508540.88913,-1772.3401151775283,29859.793080317577,0.0053624193675645,-29999.99951761082,18891.712653162987,-1662.4433707377298,-1.05844151678402e+28,1.7832268427565658e+29,1.066585212208579e+28,-5.966999904052791e+34,1.3881630457544162e+27,-1.2215633888180839e+26
99509925962.69997,16474135133.647991,-99999998516.91837,-16499999904.89891,10685258249.276243,149527884107.18176,-1804.4105395603567,29854.58930592951,0.005459396830548971,-29999.999500958053,18873.155229893233,-1690.2797634769365,-1.077593974225445e+28,1.7829160733501102e+29,1.0858740295961901e+28,-5.966999900740557e+34,1.3867994462925546e+27,-1.2420175702028529e+26
99491881857.30437,16772681026.707287,-99999998462.3244,-16799999899.908491,10873989801.575176,149510981309.547,-1836.4404265374058,29849.295546893933,0.005556250241127218,-29999.99948403861,18854.661100698944,-1718.0212163151928,-1.0967222227281388e+28,1.7825999300605057e+29,1.1051381729602034e+28,-5.9669998973752795e+34,1.3854404976793583e+27,-1.2624019897484035e+26
99473517453.03899,17071173982.176226,-99999998406.7619,-17099999894.748877,11062536412.582165,149493801097.38385,-1868.4291182640973,29843.912140894896,0.00565297763833329,-29999.999466853486,18836.229880624414,-1745.668306695443,-1.115825869427319e+28,1.782278433054243e+29,1.1243772522644913e+28,-5.966999893957158e+34,1.384086171628282e+27,-1.2827170717598115e+26
99454833161.85634,17369613103.585175,-99999998350.23213,-17399999889.41741,11250898711.388409,149476344414.3169,-1900.3759612723034,29838.439430570812,0.005749577074217868,-29999.99944940369,18817.86118806293,-1773.221607037253,-1.1349045240718196e+28,1.781951602793689e+29,1.1435908800619338e+28,-5.966999890486394e+34,1.382736440098864e+27,-1.3029632368509736e+26
99435829402.24362,17667997497.890884,-99999998292.73636,-17699999883.91145,11439077323.269037,149458612198.24652,-1932.280306527211,29832.877763455712,0.005846046614020395,-29999.999431690245,18799.55464471891,-1800.6816847935638,-1.1539577990580504e+28,1.7816194600335752e+29,1.1627786715286566e+28,-5.966999886963189e+34,1.3813912752939455e+27,-1.3231409019863106e+26
99416506599.17834,17966326275.52544,-99999998234.2759,-17999999878.22835,11627072869.716227,149440605381.3986,-1964.1415094831366,29827.227491919868,0.0059423843363380436,-29999.999413714188,18781.30987557063,-1828.0491025066583,-1.1729853094633293e+28,1.7812820258174545e+29,1.1819402444976367e+28,-5.966999883387752e+34,1.3800506496569298e+27,-1.3432504805218924e+26
99396865184.08351,18264598550.444637,-99999998174.85205,-18299999872.365494,11814885968.471933,149422324890.37354,-1995.9589301382791,29821.488973109786,0.006038588333291469,-29999.999395476567,18763.12650883339,-1855.3244178633536,-1.1919866730785804e+28,1.7809393214741165e+29,1.2010752194916732e+28,-5.966999879760289e+34,1.3787145358690774e+27,-1.3632923822459922e+26
99376905594.78214,18562813440.175735,-99999998114.46617,-18599999866.32026,12002517233.560266,149403771646.19492,-2027.731933088406,29815.662568887627,0.006134656710687344,-29999.999376978452,18745.00417592326,-1882.5081837494301,-1.2109615104403961e+28,1.7805913686139693e+29,1.2201832197557126e+28,-5.966999876081014e+34,1.377382906846841e+27,-1.3832670134190812e+26
99356628275.45125,18860970065.864613,-99999998053.1196,-18899999860.090042,12189967275.3195,149384946564.35742,-2059.4598875794627,29809.74864577004,0.006230587588177639,-29999.999358220924,18726.94251142127,-1909.6009483033117,-1.2299094448624552e+28,1.780238189125387e+29,1.2392638712885323e+28,-5.966999872350141e+34,1.376055735739235e+27,-1.4031747768132735e+26
99336033676.57545,19159067552.32231,-99999997990.81372,-19199999853.672253,12377236700.433712,149365850554.8744,-2091.142167559098,29803.747574866455,0.0063263790994156355,-29999.999339205075,18708.941153038144,-1936.603254969009,-1.2488301024662935e+28,1.7798798051710247e+29,1.2583168028737698e+28,-5.966999868567889e+34,1.3747329959252427e+27,-1.4230160717512277e+26
99315122254.89986,19457105028.070976,-99999997927.54993,-19499999847.064304,12564326111.964094,149346484522.3247,-2122.7781517270996,29797.65973181683,0.0064220293922086415,-29999.999319932012,18690.99974157946,-1963.5156425483356,-1.2677231122114239e+28,1.779516239184101e+29,1.2773416461102987e+28,-5.966999864734477e+34,1.3734146610112586e+27,-1.442791294144517e+26
99293894473.38258,19755081625.389145,-99999997863.32964,-19799999840.263626,12751236109.379889,149326849365.89923,-2154.367223584731,29791.485496728896,0.006517536628667399,-29999.99930040286,18673.117920911332,-1990.3386452524128,-1.2865881059248016e+28,1.7791475138646497e+29,1.2963380354419456e+28,-5.9669998608501285e+34,1.3721007048285646e+27,-1.4625008365314729e+26
99272350801.14674,20052996480.356434,-99999997798.15427,-20099999833.267654,12937967288.589003,149306945979.44672,-2185.9087714829675,29785.225254114885,0.00661289898535216,-29999.999280618747,18655.295337926535,-2017.072792752471,-1.3054247183296284e+28,1.778773652175741e+29,1.3153056081865446e+28,-5.966999856915068e+34,1.3707911014308418e+27,-1.4821450881145157e+26
99250491713.43192,20350848732.897583,-99999997732.02528,-20399999826.07384,13124520241.968267,149286775251.5192,-2217.40218866962,29778.879392827817,0.006708114653415416,-29999.99926058083,18637.53164251111,-2043.7186102299606,-1.3242325870734972e+28,1.7783946773396774e+29,1.3342440045643262e+28,-5.966999852929526e+34,1.3694858250917162e+27,-1.501724434796975e+26
99228317691.54521,20648637526.825863,-99999997664.94414,-20699999818.67965,13310895558.39338,149266338065.4169,-2248.846873335349,29772.4483059973,0.006803181838741264,-29999.999240290264,18619.826487511396,-2070.2766184259826,-1.3430113527558703e+28,1.7780106128341588e+29,1.3531528677256374e+28,-5.966999848893733e+34,1.3681848503023373e+27,-1.521239259219412e+26
99205829222.81186,20946362009.885838,-99999997596.91232,-20999999811.082554,13497093823.268494,149245635299.23264,-2280.2422286585543,29765.932390964903,0.006898098762081401,-29999.999219748228,18602.179528701537,-2096.747333690053,-1.3617606589548888e+28,1.777621482388424e+29,1.3720318437779906e+28,-5.966999844807922e+34,1.366888151768989e+27,-1.5406899407954509e+26
99183026800.52527,21244021333.795486,-99999997527.93134,-21299999803.280037,13683115618.55551,149224667825.89572,-2311.587662849146,29759.33204921913,0.00699286365918772,-29999.999198955906,18584.5904247514,-2123.131268028206,-1.3804801522535102e+28,1.7772273099793666e+29,1.3908805818124375e+28,-5.966999840672329e+34,1.365595704410733e+27,-1.5600768557471257e+26
99159910923.89677,21541614654.287678,-99999997458.0027,-21599999795.269596,13868961522.803024,149203436513.21545,-2342.882589191184,29752.647686329976,0.007087474780941515,-29999.999177914495,18567.05883719495,-2149.428929150452,-1.399169482264975e+28,1.7768281198276264e+29,1.4096987339292672e+28,-5.966999836487193e+34,1.3643074833570847e+27,-1.579400377139752e+26
99136482098.00487,21839141131.150978,-99999997387.12796,-21899999787.04874,14054632111.174974,149181942223.92395,-2374.126426084389,29745.879711883117,0.007181930393479267,-29999.999156625207,18549.58443039902,-2175.6408205175985,-1.4178283016575973e+28,1.7764239363936598e+29,1.428485955263026e+28,-5.966999832252754e+34,1.36302346394572e+27,-1.5986608749163312e+26
99112740833.74402,22136599928.26981,-99999997315.30865,-22199999778.614994,14240127955.478964,149160185815.71878,-2405.31859708452,29739.02853941373,0.00727622877831501,-29999.999135089267,18532.16687153254,-2201.7674413874424,-1.4364562661788755e+28,1.776014784373788e+29,1.4472419040068554e+28,-5.966999827969255e+34,1.361743621720211e+27,-1.6178587159314928e+26
99088687647.77318,22433990213.663948,-99999997242.54637,-22499999769.965885,14425449624.19429,149138168141.3049,-2436.458530942612,29732.094586340012,0.007370368232459274,-29999.99911330791,18514.805830536134,-2227.8092868603467,-1.455053034678928e+28,1.7756006886962258e+29,1.4659662414361494e+28,-5.966999823636943e+34,1.360467932427795e+27,-1.6369942639849826e+26
99064323062.46375,22731311159.527348,-99999997168.84268,-22799999761.098965,14610597682.499651,149115890048.4363,-2467.545661643076,29725.07827389632,0.007464347068534586,-29999.999091282378,18497.50098009215,-2253.76684792421,-1.473618269133245e+28,1.7751816745170884e+29,1.484658631931529e+28,-5.966999819256065e+34,1.3591963720171713e+27,-1.6560678798547096e+26
99039647605.84732,23028561942.26631,-99999997094.19922,-23099999752.011787,14795572692.300573,149093352379.95706,-2498.5794284406597,29717.980027066085,0.007558163614887535,-29999.999069013935,18480.251995595085,-2279.6406114988376,-1.4921516346647621e+28,1.7747577672163868e+29,1.5033187430011306e+28,-5.966999814826872e+34,1.3579289166363267e+27,-1.6750799213293458e+26
99014661811.56291,23325741742.536972,-99999997018.61758,-23399999742.701927,14980375212.256525,149070555973.84207,-2529.559275896263,29710.800274514382,0.007651816215697388,-29999.999046503846,18463.05855512238,-2305.4310604797247,-1.5106527995652483e+28,1.774328992393999e+29,1.5219462453022105e+28,-5.9669998103496145e+34,1.3566655426303926e+27,-1.6940307432405015e+26
98989366218.80396,23622849745.282116,-99999996942.09943,-23699999733.166965,15165005797.807749,149047501663.23727,-2560.484653911612,29703.53944852029,0.007745303231081265,-29999.999023753393,18445.92033940564,-2331.1386737812613,-1.5291214353160147e+28,1.773895375865632e+29,1.5405408126620636e+28,-5.96699980582455e+34,1.3554062265395263e+27,-1.712920697494471e+26
98963761372.26483,23919885139.76732,-99999996864.6464,-23999999723.4045,15349465001.201805,149024190276.49945,-2591.355017762787,29696.19798490898,0.007838623037195855,-29999.99900076387,18428.83703180219,-2356.7639263793653,-1.5475572166079366e+28,1.7734569436587643e+29,1.5591021220982555e+28,-5.966999801251933e+34,1.354150945096825e+27,-1.7317501331035574e+26
98937847822.0872,24216847119.61641,-99999996786.26016,-24299999713.412136,15533753371.519827,149000622637.23566,-2622.1698281326085,29688.776322983605,0.007931774026335691,-29999.998977536576,18411.808318267056,-2382.3072893535573,-1.5659598213607939e+28,1.773013722008581e+29,1.577629853838169e+28,-5.966999796632024e+34,1.3528996752262632e+27,-1.750519396216994e+26
98911626123.80588,24513734882.846245,-99999996706.94243,-24599999703.1875,15717871454.702497,148976799564.34213,-2652.928551141876,29681.274905456976,0.008024754607027973,-29999.99895407282,18394.833887325254,-2407.7692299284804,-1.5843289307419286e+28,1.7725657373538908e+29,1.5961236913378638e+28,-5.966999791965084e+34,1.3516523940406597e+27,-1.7692288301514472e+26
98885096838.29446,24810547631.900814,-99999996626.69489,-24899999692.72823,15901819793.57575,148952721872.04285,-2683.6306583794662,29673.694178383055,0.00811756320412394,-29999.998930373928,18377.913430044493,-2433.150211514879,-1.6026642291842173e+28,1.772113016333036e+29,1.6145833213002515e+28,-5.966999787251374e+34,1.3504090788396693e+27,-1.787878775421133e+26
98858260531.71066,25107284573.684643,-99999996545.51926,-25199999682.031967,16085598927.876196,148928390369.9277,-2714.2756269312854,29666.034591088297,0.008210198258886801,-29999.99890644123,18361.046640008208,-2458.45069375004,-1.6209654044033638e+28,1.771655585779793e+29,1.6330084336925847e+28,-5.96699978249116e+34,1.349169707107803e+27,-1.8064695697675293e+26
98831117775.44135,25403944919.595528,-99999996463.41727,-25499999671.09638,16269209394.276278,148903805862.9902,-2744.8629394080835,29658.296596102835,0.008302658229076228,-29999.998882276068,18344.233213288953,-2483.6711325377087,-1.6392321474145077e+28,1.7711934727192612e+29,1.6513987217632617e+28,-5.9669997776847095e+34,1.3479342565124723e+27,-1.8250015481887083e+26
98803669146.04727,25700527885.556557,-99999996380.39069,-25799999659.91914,16452651726.409166,148878969151.66483,-2775.3920839721254,29650.48064909155,0.008394941589029406,-29999.998857879797,18327.472848422134,-2508.8119800874842,-1.6574641525481534e+28,1.7707267043637475e+29,1.6697538820579489e+28,-5.966999772832292e+34,1.3467027049020582e+27,-1.8434750429682834e+26
98775915225.20755,25997032692.047474,-99999996296.44127,-26099999648.497936,16635926454.893387,148853881031.86395,-2805.8625543627277,29642.587208785033,0.00848704682973867,-29999.998833253772,18310.76524638009,-2533.873684953707,-1.675661117465421e+28,1.7702553081086423e+29,1.6880736144350214e+28,-5.966999767934175e+34,1.345475030304009e+27,-1.861890383703984e+26
98747856599.66393,26293458564.135323,-99999996211.5708,-26399999636.830475,16819034107.357187,148828542295.0144,-2836.2738499206575,29634.61673691045,0.008578972458925704,-29999.998808399367,18294.11011054651,-2558.856692073841,-1.6938227431726169e+28,1.7697793115282924e+29,1.7063576220803224e+28,-5.966999762990634e+34,1.3442512109229574e+27,-1.880247897335858e+26
98719493861.16472,26589804731.50443,-99999996125.78108,-26699999624.914467,17001975208.462652,148802953728.09366,-2866.625475611401,29626.569698122355,0.008670717001112336,-29999.998783317962,18277.507146691165,-2583.761442806359,-1.7119487340351287e+28,1.7692987423718673e+29,1.7246056115212434e+28,-5.966999758001942e+34,1.3430312251388667e+27,-1.8985479081741126e+26
98690827606.4086,26886070428.485653,-99999996039.07391,-26999999612.747646,17184750279.929565,148777116113.6656,-2896.9169420473013,29618.446559933433,0.008762278997687936,-29999.99875801094,18260.956062944984,-2608.5883749681457,-1.7300387977906483e+28,1.7688136285592248e+29,1.7428172926401304e+28,-5.9669997529683755e+34,1.3418150515051973e+27,-1.9167907379265934e+26
98661858436.98813,27182254894.084988,-99999995951.45113,-27299999600.327755,17367359840.559013,148751030229.9159,-2927.1477655085732,29610.247792645227,0.008853657006973412,-29999.9987324797,18244.45656977544,-2633.3379228714157,-1.7480926455617201e+28,1.768323998176773e+29,1.7609923786870117e+28,-5.966999747890212e+34,1.3406026687470993e+27,-1.9349767057259162e+26
98632586959.33304,27478357372.01144,-99999995862.91455,-27599999587.652554,17549804406.256767,148724696850.68716,-2957.317467963193,29601.97386927883,0.00894484960428184,-29999.998706725648,18228.008379962255,-2658.0105173601605,-1.766109991867619e+28,1.767829879473332e+29,1.7791305862916577e+28,-5.966999742767731e+34,1.3393940557596264e+27,-1.953106128156246e+26
98603013784.65341,27774377110.704227,-99999995773.46605,-27899999574.71981,17732084490.05639,148698116745.51355,-2987.425577085673,29593.625265505616,0.009035855381975707,-29999.998680750192,18211.61120857341,-2682.6065858461297,-1.784090554635564e+28,1.7673313008559955e+29,1.7972316354749681e+28,-5.966999737601213e+34,1.338189191605974e+27,-1.971179319279736e+26
98573139528.88255,28070313363.359283,-99999995683.1075,-28199999561.527313,17914200602.142124,148671290679.6551,-3017.4716262747243,29585.20245957794,0.00912667294952083,-29999.998654554754,18195.26477294147,-2707.1265523443526,-1.8020340552112655e+28,1.7668282908859947e+29,1.8152952496596932e+28,-5.96699973239094e+34,1.3369880555157393e+27,-1.98919659066263e+26
98542964812.61981,28366165387.955063,-99999995591.84077,-28499999548.07286,18096153249.87154,148644219414.13165,-3047.455154669809,29576.70593225993,0.00921730093353691,-29999.998628140766,18178.968792640204,-2731.5708375082095,-1.81994021836881e+28,1.766320878274563e+29,1.8333211556804913e+28,-5.966999727137198e+34,1.335790626883202e+27,-2.0071582514010324e+26
98512490261.07312,28661932447.27766,-99999995499.66777,-28799999534.354267,18277942937.797943,148616903705.75656,-3077.3757071665914,29568.136166758293,0.00930773797784478,-29999.99860150966,18162.722989461497,-2755.939858664057,-1.8378087723198885e+28,1.7658090918788054e+29,1.8513090837933268e+28,-5.966999721840271e+34,1.3345968852656307e+27,-2.025064608146349e+26
98481716504.00145,28957613808.945244,-99999995406.5904,-29099999520.36936,18459570167.69256,148589344307.16992,-3107.2328344312923,29559.493648653213,0.00939798274351035,-29999.998574662874,18146.52708739257,-2780.234029845415,-1.855639448722368e+28,1.76529296069757e+29,1.8692587676842085e+28,-5.966999716500445e+34,1.333406810381606e+27,-2.042915965130411e+26
98450644175.65714,29253208745.431774,-99999995312.61057,-29399999506.11599,18641035438.566483,148561541966.87146,-3137.026092913952,29550.778865829343,0.009488033908885253,-29999.998547601863,18130.380812593467,-2804.4537618267245,-1.8734319826882124e+28,1.7647725138673286e+29,1.8871699444772768e+28,-5.96699971111801e+34,1.3322203821093678e+27,-2.060712624190277e+26
98419273914.728,29548716534.09007,-99999995217.73022,-29699999491.592007,18822339246.692417,148533497429.2532,-3166.755044860609,29541.992308406887,0.009577890169644237,-29999.998520328085,18114.283893374843,-2828.5994621566747,-1.8911861127907557e+28,1.7642477806580595e+29,1.9050423547422385e+28,-5.966999705693256e+34,1.3310375804851833e+27,-2.0784548847927246e+26
98387606364.27939,29844136457.174137,-99999995121.95132,-29999999476.795288,19003482085.626167,148505211434.63165,-3196.419258324398,29533.134468672815,0.009667550238819298,-29999.998492843,18098.236060176023,-2852.6715351911175,-1.9089015810713306e+28,1.7637187904691405e+29,1.9228757425011584e+28,-5.966999700226472e+34,1.3298583857017342e+27,-2.096143044058433e+26
98355642171.69615,30139467801.860867,-99999995025.27582,-30299999461.723717,19184464446.22793,148476684719.27975,-3226.018307175581,29524.205841012223,0.009757012846830598,-29999.998465148077,18082.237045543334,-2876.6703821255655,-1.9265781330452571e+28,1.76318557282525e+29,1.9406698552346058e+28,-5.966999694717953e+34,1.3286827781065242e+27,-2.1137773967858653e+26
98323381988.62439,30434709860.27099,-99999994927.70569,-30599999446.3752,19365286816.68336,148447918015.4585,-3255.5517711105085,29515.206921839825,0.009846276741514158,-29999.998437244794,18066.286584108722,-2900.5964010272846,-1.9442155177071959e+28,1.7626481573722745e+29,1.958424443887166e+28,-5.96699968916799e+34,1.327510738200309e+27,-2.1313582354748488e+26
98290826470.91328,30729861929.489388,-99999994829.24292,-30899999430.747646,19545949682.52445,148418912051.4482,-3285.019235659529,29506.13820953165,0.009935340688146395,-29999.998409134634,18050.384412568612,-2924.449986866986,-1.9618134875358707e+28,1.7621065738732305e+29,1.976139262872318e+28,-5.966999683576878e+34,1.3263422466355416e+27,-2.148885850349861e+26
98257976278.55669,31024923311.584705,-99999994729.88951,-31199999414.838993,19726453526.650135,148389667551.57953,-3314.420292193845,29497.000204356897,0.010024203469465467,-29999.99838081908,18034.53026966305,-2948.2315315501237,-1.9793717984981644e+28,1.761560852204194e+29,1.9938140700766814e+28,-5.966999677944915e+34,1.325177284214841e+27,-2.1663605293830308e+26
98224832075.63475,31319893313.628273,-99999994629.64748,-31499999398.647182,19906798829.346767,148360185236.26404,-3343.7545379313297,29487.793408409994,0.010112863885689511,-29999.99835229963,18018.7238961551,-2971.9414239478037,-1.99689021005259e+28,1.761011022350245e+29,2.0114486268636437e+28,-5.966999672272396e+34,1.324015831889477e+27,-2.183782558316846e+26
98191394530.25543,31614771247.71237,-99999994528.51884,-31799999382.170177,20086986068.30832,148330465822.02457,-3373.021575941311,29478.5183255429,0.010201320754531748,-29999.99832357778,18002.965034810502,-2995.5800499273105,-2.014368485152151e+28,1.760457114401422e+29,2.0290426980763645e+28,-5.96699966655962e+34,1.3228578707578757e+27,-2.2011522206865878e+26
98157664314.49602,31909556430.9678,-99999994426.50563,-32099999365.405956,20267015718.656425,148300510021.5253,-3402.2210151483296,29469.17546129761,0.010289572911212515,-29999.998294655034,17987.253430377557,-3019.147792382254,-2.0318063902465827e+28,1.7598991585486935e+29,2.046596052040169e+28,-5.966999660806886e+34,1.321703382064143e+27,-2.2184697978424803e+26
98123642104.34453,32204248185.580776,-99999994323.6099,-32399999348.352505,20446888252.9602,148270318543.60147,-3431.3524703348817,29459.765322838928,0.010377619208468235,-29999.9982655329,17971.588829567296,-3042.6450312623474,-2.0492036952839915e+28,1.759337185079941e+29,2.064108460564332e+28,-5.966999655014493e+34,1.3205523471966048e+27,-2.235735568971573e+26
98089328579.64117,32498845838.809166,-99999994219.8337,-32699999331.007835,20626604141.255875,148239892093.28885,-3460.4155621431546,29450.288418887474,0.010465458516557348,-29999.998236212894,17955.97098103386,-3066.0721436028175,-2.066560173711892e+28,1.7587712243759602e+29,2.0815796989432565e+28,-5.966999649182744e+34,1.319404747686368e+27,-2.2529498111193502e+26
98054724424.01974,32793348722.99804,-99999994115.17911,-32999999313.369965,20806163851.06621,148209231371.8528,-3489.409917075766,29440.745259653002,0.010553089723263244,-29999.99820669653,17940.39963535515,-3089.429503553454,-2.0838756024776475e+28,1.7582013069064774e+29,2.0990095459570593e+28,-5.96699964331194e+34,1.3182605652058963e+27,-2.2701127992110782e+26
98019830324.84898,33087756175.59457,-99999994009.64821,-33299999295.43693,20985567847.41976,148178337076.8173,-3518.3351674955125,29431.136356767984,0.010640511733894223,-29999.998176985337,17924.87454501368,-3112.7174824073027,-2.10114976202832e+28,1.757627463226184e+29,2.116397783871561e+28,-5.966999637402383e+34,1.3171197815676052e+27,-2.287224806072886e+26
97984646973.17403,33382067539.16225,-99999993903.24309,-33599999277.206783,21164816592.8699,148147209901.99323,-3547.1909516241412,29421.462223221497,0.010727723471280499,-29999.998147080834,17909.395464377714,-3135.936448629008,-2.1183824363099373e+28,1.757049723970788e+29,2.133744198437691e+28,-5.966999631454378e+34,1.3159823787224743e+27,-2.304286102452595e+26
97949175063.65779,33676282161.394466,-99999993795.96585,-33899999258.677593,21343910547.513676,148115850537.50693,-3575.976913540153,29411.723373293444,0.010814723875768293,-29999.998116984556,17893.96214968257,-3159.0867678828104,-2.1355734127661793e+28,1.7564681198530846e+29,2.1510485788903135e+28,-5.966999625468228e+34,1.3148483387586753e+27,-2.321296957040289e+26
97913415294.52238,33970399395.1274,-99999993687.81862,-34199999239.84744,21522850169.0105,148084259669.8281,-3604.6927031756454,29401.920322489077,0.010901511905211039,-29999.998086698037,17878.574359012207,-3182.168803060205,-2.1527224823364956e+28,1.755882681659048e+29,2.1683107179464754e+28,-5.966999619444239e+34,1.313717643900217e+27,-2.3382576364886384e+26
97877368367.49063,34264418598.35229,-99999993578.8035,-34499999220.71442,21701635912.600624,148052437981.7975,-3633.3379763122093,29392.053587473896,0.01098808653495773,-29999.998056222816,17863.231852281002,-3205.18291430726,-2.1698294394536515e+28,1.7552934402439413e+29,2.1855304118030922e+28,-5.966999613382718e+34,1.312590276505608e+27,-2.3551684054329747e+26
97841034987.72751,34558339134.22703,-99999993468.92264,-34799999201.27664,21880268231.123436,148020386152.65442,-3661.912394575886,29382.123686008876,0.01107444675783845,-29999.99802556043,17847.93439121576,-3228.129459051609,-2.1868940820407192e+28,1.7547004265284503e+29,2.2027074601340676e+28,-5.96699960728397e+34,1.3114662190665342e+27,-2.3720295265111224e+26
97804415863.78175,34852160371.08712,-99999993358.17818,-35099999181.53225,22058747575.035595,147988104858.0639,-3690.415625431198,29372.131136886073,0.0111605915841471,-29999.99799471243,17832.681739337946,-3251.0087920291144,-2.2039162115075115e+28,1.7541036714948362e+29,2.219841666086858e+28,-5.9669996011483025e+34,1.3103454542065523e+27,-2.388841260382993e+26
97767511707.52744,35145881682.45598,-99999993246.57227,-35399999161.47937,22237074392.428974,147955594770.14362,-3718.847342174263,29362.076459864613,0.011246520041621376,-29999.99796368036,17817.473661946115,-3273.8212653102105,-2.2208956327464697e+28,1.753503206183115e+29,2.2369328362784916e+28,-5.966999594976023e+34,1.3092279646798005e+27,-2.4056038657499428e+26
97730323234.1057,35439502447.05463,-99999993134.10707,-35699999141.11617,22415249129.048435,147922856557.4905,-3747.207223925004,29351.960175607062,0.01133223117542002,-29999.997932465765,17802.309926098573,-3296.5672283259296,-2.2378321541280126e+28,1.752899061687254e+29,2.253980780791042e+28,-5.96699958876744e+34,1.308113733369723e+27,-2.422317599373893e+26
97692851161.86646,35733022048.8107,-99999993020.78476,-35999999120.440834,22593272228.30942,147889890885.20724,-3775.4949556184656,29341.782805616214,0.011417724048097377,-29999.997901070208,17787.190300596234,-3319.2470278936166,-2.2547255874953476e+28,1.7522912691514003e+29,2.270985313166568e+28,-5.966999582522864e+34,1.3070027432878113e+27,-2.4389827160962293e+26
97655096212.31027,36026439876.86686,-99999992906.60751,-36299999099.45154,22771144131.315384,147856698414.9283,-3803.7102279952423,29331.544872172282,0.011502997739575289,-29999.99786949524,17772.114555965676,-3341.861008242334,-2.271575748158759e+28,1.7516798597661287e+29,2.287946250401525e+28,-5.966999576242603e+34,1.305894977572358e+27,-2.4555994688564667e+26
97617059110.03032,36319755325.588585,-99999992791.57753,-36599999078.14649,22948865276.875042,147823279804.8459,-3831.852737591045,29321.246898270514,0.011588051347112374,-29999.99783774242,17757.08246444242,-3364.4095110379644,-2.288382454889372e+28,1.751064864764715e+29,2.304863412940651e+28,-5.966999569926967e+34,1.304790419487229e+27,-2.4721681087106963e+26
97578740582.6544,36612967794.57129,-99999992675.69702,-36899999056.52392,23126436101.519466,147789635709.7355,-3859.9221867253987,29310.889407559258,0.011672883985270716,-29999.997805813302,17742.093799954397,-3386.8928754080157,-2.3051455299124083e+28,1.750446315419439e+29,2.3217366246703454e+28,-5.966999563576266e+34,1.303689052420649e+27,-2.4886888848498097e+26
97540141360.78716,36906076688.64688,-99999992558.96819,-37199999034.582054,23303857039.51901,147755766780.9814,-3887.9182834895,29300.472924278463,0.011757494785879999,-29999.997773709452,17727.1483381056,-3409.3114379661274,-2.3218647988999297e+28,1.74982424303791e+29,2.3385657129115317e+28,-5.96699955719081e+34,1.3025908598839995e+27,-2.5051620446175105e+26
97501262177.95226,37199081417.88966,-99999992441.39323,-37499999012.319145,23481128522.900066,147721673666.60175,-3915.8407417332337,29289.997973198635,0.011841882897999126,-29999.997741432435,17712.245856159945,-3431.6655328362895,-2.3385400909630873e+28,1.7491986789594225e+29,2.355350508412026e+28,-5.966999550770911e+34,1.3014958255106328e+27,-2.5215878335281054e+26
97462103770.53493,37491981397.62165,-99999992322.97441,-37799998989.73347,23658250981.461666,147687357011.27338,-3943.689281051368,29279.465079560272,0.01192604748787536,-29999.997708983814,17697.38613302533,-3453.9554916767734,-2.3551712386438773e+28,1.7485696545513394e+29,2.372090845338409e+28,-5.966999544316881e+34,1.3004039330547013e+27,-2.537966495284093e+26
97422666877.72441,37784776048.41725,-99999992203.71394,-38099998966.8233,23835224842.79192,147652817456.3566,-3971.4636267689393,29268.87476901376,0.01200998773890102,-29999.997676365154,17682.568949237862,-3476.1816437037805,-2.3717580779064106e+28,1.747937201205502e+29,2.388786561267413e+28,-5.966999537829029e+34,1.2993151663899982e+27,-2.554298271793538e+26
97382952241.45673,38077464796.10739,-99999992083.61406,-38399998943.58695,24012050532.284298,147618055639.91956,-3999.1635099258333,29258.227567559774,0.012093702851567766,-29999.997643578026,17667.794086946276,-3498.3443157148113,-2.3883004481277077e+28,1.7473013503346698e+29,2.4054374971768283e+28,-5.9669995313076695e+34,1.2982295095088124e+27,-2.570583403187243e+26
97342960606.35747,38370047071.78299,-99999991962.67703,-38699998920.022736,24188728473.15376,147583072196.76242,-4026.7886672605864,29247.524001490157,0.012177192043418524,-29999.997610623996,17653.061329896555,-3520.443832111761,-2.4047981920880223e+28,1.7466621333689923e+29,2.4220434974359445e+28,-5.966999524753112e+34,1.297146946520799e+27,-2.586822127835722e+26
97302692719.68486,38662522311.79789,-99999991840.9051,-38999998896.128975,24365259086.452724,147547867758.4413,-4054.3388411934056,29236.76459732931,0.012260454548997074,-29999.99757750463,17638.370463416704,-3542.4805149237427,-2.421251155960702e+28,1.7460195817525067e+29,2.438604409795518e+28,-5.96699951816567e+34,1.2960674616518594e+27,-2.603014682365966e+26
97262149331.27292,38954889957.77118,-99999991718.30057,-39299998871.90402,24541642791.08689,147512442953.29208,-4081.8137798084317,29225.949881776105,0.012343489619795343,-29999.9975442215,17623.72127440172,-3564.454683829645,-2.4376591893015957e+28,1.745373726939669e+29,2.4551200853772934e+28,-5.966999511545656e+34,1.2949910392430383e+27,-2.619161301678023e+26
97221331193.47484,39247149456.58894,-99999991594.86568,-39599998847.34624,24717880003.83091,147476798406.4538,-4109.213236835251,29215.080381646287,0.012426296524198448,-29999.99751077618,17609.113551298728,-3586.3666561804253,-2.454022145038012e+28,1.7447246003919163e+29,2.4715903786630713e+28,-5.966999504893382e+34,1.2939176637494304e+27,-2.6352622189613764e+26
97180239061.10649,39539300260.4054,-99999991470.6027,-39899998822.454,24893971139.3439,147440934739.892,-4136.536971629673,29204.156623815452,0.012508874547427516,-29999.997477170233,17594.5470840923,-3608.2167470211416,-2.470339879457241e+28,1.7440722335742587e+29,2.488015147483333e+28,-5.966999498209159e+34,1.2928473197391024e+27,-2.6513176657111347e+26
97138873691.3902,39831341826.643555,-99999991345.51396,-40199998797.22571,25069916610.184822,147404852572.42178,-4163.78474915378,29193.179135162514,0.012591222991480328,-29999.997443405235,17580.021664289947,-3630.0052691127316,-2.4866122521946374e+28,1.7434166579519055e+29,2.504394253005437e+28,-5.966999491493301e+34,1.2917799918920253e+27,-2.667327871744035e+26
97097235843.89867,40123273617.99518,-99999991219.60173,-40499998771.65976,25245716826.82772,147368552519.73065,-4190.95633995527,29182.148442513753,0.012673341175069823,-29999.997409482752,17565.53708490775,-3651.732532953537,-2.5028391262212873e+28,1.7427579049869216e+29,2.5207275597213874e+28,-5.966999484746119e+34,1.2907156649990214e+27,-2.6832930652142588e+26
97055326280.49911,40415095102.42032,-99999991092.86832,-40799998745.754585,25421372197.6768,147332035194.40112,-4218.051520146105,29171.065072587393,0.012755228433560506,-29999.997375404357,17551.093140456203,-3673.3988468005773,-2.519020367831254e+28,1.7420960061349192e+29,2.5370149354351846e+28,-5.966999477967926e+34,1.2896543239607217e+27,-2.699213472629064e+26
97013145765.29765,40706805753.146194,-99999990965.31602,-41099998719.50863,25596883129.081364,147295301205.9331,-4245.070071380465,29159.929551938738,0.012836884118902783,-29999.99734117162,17536.68962692618,-3695.0045166905807,-2.535155846628414e+28,1.7414309928417817e+29,2.5532562512497635e+28,-5.966999471159035e+34,1.288595953786536e+27,-2.7150893188642385e+26
96970695064.58385,40998405048.66558,-99999990836.94719,-41399998692.92034,25772250025.350624,147258351160.7662,-4272.011780832042,29148.742406905887,0.012918307599565285,-29999.99730678611,17522.32634177509,-3716.549846460771,-2.5512454355128954e+28,1.7407628965404196e+29,2.569451381553535e+28,-5.966999464319757e+34,1.2875405395936334e+27,-2.7309208271793742e+26
96927974946.77553,41289892472.73464,-99999990707.76411,-41699998665.988205,25947473288.768375,147221185662.3016,-4298.876441170663,29137.504163556012,0.012999498260465203,-29999.997272249395,17508.003083913172,-3738.0351377694146,-2.56728901066712e+28,1.740091748647565e+29,2.585600204006529e+28,-5.966999457450405e+34,1.2864880666059398e+27,-2.7467082192329656e+26
96884986182.36382,41581267514.3702,-99999990577.76913,-41999998638.7107,26122553319.607506,147183805310.92392,-4325.663850538281,29126.21534763221,0.01308045550289668,-29999.997237563042,17493.71965368997,-3759.460690116134,-2.5832864515414615e+28,1.7394175805605955e+29,2.6017025995261496e+28,-5.966999450551289e+34,1.285438520153139e+27,-2.7624517150973352e+26
96841729543.85843,41872529667.84652,-99999990446.96458,-42299998611.086334,26297490516.144405,147146210704.02277,-4352.37381252432,29114.876484500935,0.013161178744457302,-29999.997202728617,17479.475852880933,-3780.826800861986,-2.599237640839524e+28,1.7387404236543958e+29,2.617758452272557e+28,-5.966999443622722e+34,1.284391885669691e+27,-2.7781515332733874e+26
96798205805.73318,42163678432.69153,-99999990315.3528,-42599998583.11362,26472285274.673214,147108402436.01416,-4379.006136140416,29103.488099100035,0.013241667418972715,-29999.997167747686,17465.271484674206,-3802.133765249312,-2.6151424645030566e+28,1.738060309278254e+29,2.6337676496336726e+28,-5.966999436665015e+34,1.2833481486938605e+27,-2.7938078907051943e+26
96754415744.37178,42454713313.682526,-99999990182.93613,-42899998554.79109,26646937989.519955,147070381098.36166,-4405.560635794537,29092.05071588736,0.01332192097641943,-29999.99713262181,17451.106353657528,-3823.381876421362,-2.631000811696498e+28,1.7373772687527932e+29,2.6497300822098248e+28,-5.966999429678478e+34,1.282307294866755e+27,-2.8094210027944168e+26
96710360138.01384,42745633820.8414,-99999990049.71692,-43199998526.11731,26821449053.05653,147032147279.59744,-4432.037131264522,29080.56485878999,0.01340193888284584,-29999.997097352556,17436.98026580532,-3844.571425441694,-2.6468125747911728e+28,1.7366913333669383e+29,2.6656456437980377e+28,-5.966999422663423e+34,1.2812693099313748e+27,-2.8249910834145568e+26
96666039766.70119,43036439469.4293,-99999989915.69753,-43499998497.090836,26995818855.714584,146993701565.34302,-4458.435447671031,29069.031051154052,0.013481720620291479,-29999.99706194148,17422.89302846589,-3865.702701313355,-2.66257764934914e+28,1.73600253437492e+29,2.681514231375975e+28,-5.96699941562016e+34,1.2802341797316734e+27,-2.8405183449250534e+26
96621455412.22447,43327129779.94084,-99999989780.88033,-43799998467.71025,27170047785.999245,146955044538.3299,-4484.755415449939,29057.449815695156,0.013561265686704592,-29999.99702639015,17408.844450348803,-3886.7759909978436,-2.6782959341067038e+28,1.735310902993315e+29,2.697335745085543e+28,-5.966999408549e+34,1.27920189021163e+27,-2.8560029981852152e+26
96576607858.06998,43617704278.09779,-99999989645.26767,-44099998437.97415,27344136230.50273,146916176778.41992,-4510.9968703241675,29045.821674449424,0.01364057359585803,-29999.99699070011,17394.83434151238,-3907.791579433857,-2.693967330957593e+28,1.7346164703981196e+29,2.713110088216162e+28,-5.966999401450251e+34,1.27817242741433e+27,-2.871445252567998e+26
96531497889.36673,43908162494.842285,-99999989508.86194,-44399998407.88115,27518084573.917854,146877098862.62558,-4537.159653274978,29034.14714872516,0.013719643877263517,-29999.996954872924,17380.862513351356,-3928.749749555829,-2.709591744935817e+28,1.7339192677218667e+29,2.7288371671877133e+28,-5.966999394324224e+34,1.2771457774810575e+27,-2.8868453159736233e+26
96486126292.83398,44198503966.32954,-99999989371.6655,-44699998377.42988,27691893199.05137,146837811365.13004,-4563.243610512747,29022.42675905512,0.01379847607608434,-29999.996918910143,17366.928778584635,-3949.650782312259,-2.725169084198213e+28,1.733219326050772e+29,2.744516891533175e+28,-5.966999387171227e+34,1.276121926650399e+27,-2.9022033948430476e+26
96440493856.72885,44488728233.92009,-99999989233.68074,-44999998346.61898,27865562486.837215,146798314857.30692,-4589.248593447216,29010.66102514943,0.013877069753046478,-29999.996882813313,17353.03295124325,-3970.494956683831,-2.7406992600066777e+28,1.732516676421924e+29,2.760149173880944e+28,-5.966999379991568e+34,1.2751008612573541e+27,-2.917519694171279e+26
96394601370.79437,44778834844.171585,-99999989094.91005,-45299998315.44711,28039092816.349648,146758609907.74008,-4615.174458657246,28998.85046584909,0.013955424484348234,-29999.996846583985,17339.1748466584,-3991.282549701336,-2.7561821867101075e+28,1.7318113498205078e+29,2.7757339299368638e+28,-5.966999372785554e+34,1.274082567732459e+27,-2.9327944175205416e+26
96348449626.2078,45068823348.83008,-99999988955.3558,-45599998283.91296,28212484564.81623,146718697082.24307,-4641.021067860084,28986.995599080143,0.014033539861568392,-29999.996810223704,17325.354281449636,-4012.0138364633885,-2.7716177817260426e+28,1.7311033771770663e+29,2.7912710784659533e+28,-5.966999365553494e+34,1.2730670326009192e+27,-2.9480277670332977e+26
96302039415.52919,45358693304.82088,-99999988815.0204,-45899998252.01519,28385738107.630726,146678576943.87845,-4666.78828788016,28975.096941808475,0.01411141549157295,-29999.996773734012,17311.571073513205,-4032.6890901539487,-2.787005965522032e+28,1.730392789364802e+29,2.8067605412738596e+28,-5.966999358295695e+34,1.2720542424817502e+27,-2.9632199434451215e+26
96255371532.65039,45648444274.23896,-99999988673.90625,-46199998219.75253,28558853818.365856,146638250052.9769,-4692.475990617412,28963.15500999523,0.014189050996420456,-29999.996737116446,17297.825042010485,-4053.308582059646,-2.802346661596719e+28,1.7296796171969153e+29,2.8222022431880286e+28,-5.966999351012461e+34,1.2710441840869305e+27,-2.978371146097428e+26
96208446772.74422,45938075824.33891,-99999988532.01575,-46499998187.123695,28731832068.78596,146597716967.1563,-4718.084053015173,28951.170318552864,0.014266446013266005,-29999.996700372543,17284.116007356577,-4073.8725815869157,-2.817639796460661e+28,1.728963891423977e+29,2.8375961120386084e+28,-5.966999343704099e+34,1.2700368442205612e+27,-2.9934815729500655e+26
96161265932.21407,46227587527.524445,-99999988389.35129,-46799998154.12742,28904673228.859528,146556978241.34045,-4743.612357027613,28939.143381301863,0.014343600194263903,-29999.99666350384,17270.44379120901,-4094.3813562789373,-2.8328852996168906e+28,1.7282456427313473e+29,2.85294207863909e+28,-5.966999336370914e+34,1.269032209778038e+27,-3.008551420593763e+26
96113829808.64378,46516978961.33746,-99999988245.91528,-47099998120.76246,29077377666.771618,146516034427.77768,-4769.060789586771,28927.07471092808,0.01442051320646908,-29999.99662651186,17256.80821645658,-4114.835171832394,-2.8480831035412194e+28,1.727524901736625e+29,2.8682400767667e+28,-5.966999329013209e+34,1.2680302677452294e+27,-3.023580884262443e+26
96066139200.74791,46806249708.44675,-99999988101.71014,-47399998087.02758,29249945748.936184,146474886076.05936,-4794.42924256916,28914.964818940713,0.014497184731737254,-29999.99658939813,17243.209107208295,-4135.234292114042,-2.8632331436623025e+28,1.7268016989871393e+29,2.8834900431425396e+28,-5.966999321631288e+34,1.2670310051976655e+27,-3.0385701578453976e+26
96018194908.32222,47095399356.636154,-99999987956.7383,-47699998052.92156,29422377840.008266,146433533733.1382,-4819.717612761994,28902.814215630948,0.014573614466623898,-29999.99655216418,17229.646288782475,-4155.578979177095,-2.878335358341463e+28,1.7260760649574804e+29,2.8986919174114933e+28,-5.966999314225455e+34,1.2660344092997363e+27,-3.0535194338993294e+26
95969997732.1946,47384427498.792465,-99999987811.00215,-47999998018.44321,29594674302.89609,146391977943.34644,-4844.925801829013,28890.623410031218,0.014649802122282056,-29999.99651481152,17216.119587695935,-4175.869493277438,-2.8933896888522866e+28,1.7253480300470645e+29,2.913845642121901e+28,-5.966999306796011e+34,1.2650404673038972e+27,-3.0684289036602613e+26
95921548474.1763,47673333732.89278,-99999987664.50414,-48299997983.591324,29766835498.773052,146350219248.41367,-4870.053716275947,28878.392909875136,0.014725747424359031,-29999.99647734167,17202.628831653306,-4196.10609288965,-2.908396079359996e+28,1.724617624577743e+29,2.9289511627050112e+28,-5.966999299343258e+34,1.2640491665498848e+27,-3.083298757055315e+26
95872847937.01353,47962117661.99153,-99999987517.24666,-48599997948.36474,29938861787.089584,146308258187.48477,-4895.101267415619,28866.123221558053,0.014801450112891993,-29999.996439756138,17189.173849536473,-4216.289034722866,-2.9233544769006077e+28,1.723884878791447e+29,2.9440084274542173e+28,-5.966999291867495e+34,1.26306049446394e+27,-3.098129182714362e+26
95823896924.33939,48250778894.207115,-99999987369.23216,-48899997912.7623,30110753525.58495,146266095297.13754,-4920.068371332695,28853.81485009828,0.01487690994220254,-29999.996402056433,17175.75447139413,-4236.418573736448,-2.938264831359886e+28,1.7231498228478692e+29,2.959017387504085e+28,-5.966999284369024e+34,1.2620744385580406e+27,-3.1129203679815416e+26
95774696240.62605,48539317042.7081,-99999987220.46306,-49199997876.78286,30282511070.29889,146223731111.40018,-4944.95494884811,28841.468299098942,0.01495212668079025,-29999.996364244056,17162.370528431442,-4256.494963155502,-2.9531270954520913e+28,1.722412486822189e+29,2.9739779968091808e+28,-5.9669992768481425e+34,1.2610909864291424e+27,-3.127672498926663e+26
95725246691.13757,48827731725.69909,-99999987070.94179,-49499997840.4253,30454134775.583202,146181166161.76862,-4969.760925483159,28829.084070710498,0.015027100111225256,-29999.996326320506,17149.021852999816,-4276.518454486217,-2.9679412246985426e+28,1.7216729007028312e+29,2.9888902121227035e+28,-5.966999269305148e+34,1.2601101257584265e+27,-3.142385760356472e+26
95675549081.88274,49116022566.4062,-99999986920.67079,-49799997803.68851,30625624994.1132,146138400977.22375,-4994.48623142329,28816.66266559389,0.015101830030039903,-29999.99628828728,17135.7082785868,-4296.489297531038,-2.982707177405989e+28,1.720931094389267e+29,3.0037539929749367e+28,-5.966999261740339e+34,1.259131844310558e+27,-3.1570603358258064e+26
95625604219.5685,49404189193.06213,-99999986769.6525,-50099997766.57138,30796982076.89907,146095436084.24844,-5019.13080148159,28804.204582884347,0.015176316247619481,-29999.99625014586,17122.42963980608,-4316.407740403677,-2.997424914644806e+28,1.7201870976898532e+29,3.0185693016515145e+28,-5.966999254154012e+34,1.2581561299329506e+27,-3.171696407648622e+26
95575412911.55368,49692231238.890976,-99999986617.88933,-50399997729.07284,30968206373.29713,146052272006.84442,-5043.6945750619925,28791.71032015585,0.015250558588092116,-29999.996211897742,17109.18577238758,-4336.27402954396,-3.0120944002270223e+28,1.7194409403197073e+29,3.0333361031715215e+28,-5.966999246546461e+34,1.2571829705550393e+27,-3.186294156908901e+26
95524975965.80305,49980148342.09254,-99999986465.38374,-50699997691.19182,31139298231.021008,146008909266.54898,-5068.177496122199,28779.180373386207,0.015324556889217824,-29999.996173544398,17095.976513167687,-4356.088409732513,-3.0267156006841773e+28,1.7186926518986242e+29,3.0480543652654252e+28,-5.9669992389179805e+34,1.2562123541875617e+27,-3.2008537634714505e+26
95474294190.84183,50267940145.8264,-99999986312.13817,-50999997652.92726,31310257996.152683,145965348382.45166,-5092.579513136355,28766.615236922815,0.015398311002276774,-29999.996135087305,17082.801700079563,-4375.851124105294,-3.0412884852450313e+28,1.7179422619490304e+29,3.0627240583528502e+28,-5.966999231268865e+34,1.255244268921846e+27,-3.21537540599257e+26
95423368395.71046,50555606298.195625,-99999986158.15506,-51299997614.27814,31481086013.15348,145921589871.2106,-5116.900579057458,28754.01540344904,0.015471820791956798,-29999.996096527935,17069.66117214357,-4395.562414167959,-3.0558130258131145e+28,1.7171897998939768e+29,3.077345155520207e+28,-5.966999223599406e+34,1.2542787029291096e+27,-3.2298592619306166e+26
95372199389.91989,50843146452.23012,-99999986003.43686,-51599997575.243416,31651782624.874916,145877634247.0689,-5141.140651279543,28741.381363951245,0.015545086136240177,-29999.99605786775,17056.554769457805,-4415.22251981009,-3.070289196944143e+28,1.7164352950551686e+29,3.091917632498171e+28,-5.966999215909895e+34,1.2533156444597594e+27,-3.244305507556454e+26
95320787983.40709,51130560265.86963,-99999985847.986,-51899997535.82209,31822348172.569492,145833482021.87082,-5165.299691599624,28728.713607686463,0.015618106926289737,-29999.99601910821,17043.482333188716,-4434.831679319251,-3.0847169758232955e+28,1.7156787766510356e+29,3.106441467639029e+28,-5.966999208200623e+34,1.2523550818427068e+27,-3.2587143179637855e+26
95269134986.49109,51417847401.946495,-99999985691.80492,-52199997496.013176,31992782995.90138,145789133705.07764,-5189.377666179431,28716.01262215071,0.0156908830663343,-29999.995980250773,17030.443705561844,-4454.390129394912,-3.099096342242356e+28,1.7149202737948405e+29,3.1209166418938916e+28,-5.966999200471879e+34,1.2513970034846843e+27,-3.273085867079381e+26
95217241209.8293,51705007528.168,-99999985534.89609,-52499997455.81568,32163087432.956997,145744589803.7837,-5213.37454550694,28703.27889304793,0.015763414473553502,-29999.99594129689,17017.438729852634,-4473.898105162213,-3.1134272785767447e+28,1.7141598154928223e+29,3.1353431387897913e+28,-5.966999192723951e+34,1.2504413978695716e+27,-3.287420327673194e+26
95165107464.37424,51992040317.09848,-99999985377.26195,-52799997415.22865,32333261820.255524,145699850822.73206,-5237.290304357704,28690.512904259587,0.01583570107796205,-29999.995902248,17004.467250377384,-4493.355840185584,-3.127709769762421e+28,1.7133974306423825e+29,3.1497209444066517e+28,-5.966999184957127e+34,1.2494882535577302e+27,-3.301717871368367e+26
95112734561.33066,52278945446.141075,-99999985218.90494,-53099997374.25113,32503306492.759296,145654917264.3302,-5261.124921756005,28677.71513781488,0.015907742822293396,-29999.995863105545,16991.52911248424,-4512.763566482224,-3.1419438032726866e+28,1.712633148030305e+29,3.164050047354156e+28,-5.966999177171693e+34,1.248537559185342e+27,-3.315978668651138e+26
95060123312.1131,52565722597.519226,-99999985059.82751,-53399997332.88219,32673221783.88414,145609789628.66537,-5284.8783809358365,28664.886073861595,0.015979539661882907,-29999.99582387096,16978.624162544344,-4532.12151453543,-3.1561293690948817e+28,1.7118669963310146e+29,3.17833043874851e+28,-5.966999169367934e+34,1.2475893034637584e+27,-3.330202888880634e+26
95007274528.30374,52852371458.25784,-99999984900.03212,-53699997291.120895,32843008025.509583,145564468413.52002,-5308.550669301718,28652.02619063759,0.016051091564550552,-29999.995784545667,16965.75224794302,-4551.429913307797,-3.170266459706986e+28,1.711099004104877e+29,3.1925621121891047e+28,-5.966999161546133e+34,1.246643475178853e+27,-3.3443907002985686e+26
94954189021.61072,53138891720.164215,-99999984739.52121,-53999997248.966354,33012665547.989014,145518954114.38693,-5332.141778389364,28639.1359644429,0.016122398510483128,-29999.99574513109,16952.913217071087,-4570.6889902542625,-3.1843550700541285e+28,1.71032919979653e+29,3.2067450637350937e+28,-5.966999153706574e+34,1.2457000631903836e+27,-3.3585422700388324e+26
94900867603.82683,53425283079.80865,-99999984578.29723,-54299997206.41766,33182194680.159725,145473247224.48438,-5355.651703826214,28626.215869612475,0.016193460492116056,-29999.99570562865,16940.10691931627,-4589.89897133503,-3.1983951975250148e+28,1.7095576117332572e+29,3.2208792918818836e+28,-5.9669991458495385e+34,1.2447590564313594e+27,-3.37265776413698e+26
94847311086.78856,53711545238.50477,-99999984416.36263,-54599997163.47395,33351595749.352886,145427348234.77103,-5379.080445291826,28613.266378489527,0.01626427751401479,-29999.99566603975,16927.333205054663,-4609.060081028343,-3.212386841928279e+28,1.7087842681233948e+29,3.2349647975375416e+28,-5.966999137975306e+34,1.2438204439074165e+27,-3.3867373475396265e+26
94793520282.33565,53997677902.289665,-99999984253.71985,-54899997120.13435,33520869081.403435,145381257633.96075,-5402.4280064781615,28600.28796139951,0.01633484959275587,-29999.9956263658,16914.59192564233,-4628.172542343134,-3.226330005468758e+28,1.7080091970547787e+29,3.2490015839991425e+28,-5.966999130084157e+34,1.2428842146961983e+27,-3.4007811841137354e+26
94739496002.27086,54283680781.90366,-99999984090.37135,-55199997076.39801,33690015000.65986,145334975908.53732,-5425.694395049747,28587.281086624702,0.016405176756807638,-29999.99558660819,16901.88293340695,-4647.236576831538,-3.2402246927237093e+28,1.707232426493227e+29,3.262989656929039e+28,-5.966999122176369e+34,1.2419503579467424e+27,-3.414789436655814e+26
94685239058.32036,54569553592.76991,-99999983926.31958,-55499997032.26409,33859033829.993927,145288503542.769,-5448.879622603749,28574.246220379417,0.016475259046410638,-29999.99554676832,16889.20608163958,-4666.252404601272,-3.254070910618959e+28,1.7064539842810588e+29,3.2769290243310757e+28,-5.9669991142522185e+34,1.2410188628788762e+27,-3.4287622669010144e+26
94630750262.09431,54855296054.97371,-99999983761.56699,-55799996987.73177,34027925890.81032,145241841018.723,-5471.983704629954,28561.183826785797,0.01654509651345778,-29999.995506847572,16876.561224586494,-4685.220244327895,-3.267868668405009e+28,1.705673898135648e+29,3.290819696526752e+28,-5.966999106311982e+34,1.2400897187826154e+27,-3.442699835532137e+26
94576030425.04802,55140907893.24157,-99999983596.11603,-56099996942.80025,34196691503.056187,145194988816.27972,-5495.006660470669,28548.094367850248,0.016614689221374216,-29999.995466847322,16863.94821744111,-4704.140313266927,-3.2816179776330835e+28,1.704892195648017e+29,3.3046616861313316e+28,-5.966999098355932e+34,1.2391629150175728e+27,-3.456602302188538e+26
94521080358.44331,55426388836.920074,-99999983429.96913,-56399996897.46872,34365330985.2306,145147947413.14706,-5517.94851328055,28534.978303440446,0.01668403724499705,-29999.995426768946,16851.366916335985,-4723.012827265853,-3.2953188521311446e+28,1.7041089042814635e+29,3.318455008029913e+28,-5.966999090384343e+34,1.238238441012368e+27,-3.470469825474949e+26
94465900873.3105,55711738619.954475,-99999983263.12875,-56699996851.73641,34533844654.39396,145100717284.87442,-5540.809289986376,28521.836091262947,0.01675314067045482,-29999.99538661381,16838.817178334924,-4741.838000775999,-3.3089713079798637e+28,1.7033240513702235e+29,3.3321996793534633e+28,-5.966999082397486e+34,1.2373162862640503e+27,-3.484302562970204e+26
94410492780.41064,55996956980.8671,-99999983095.59735,-56999996805.60255,34702232826.17731,145053298904.86667,-5563.589021246762,28508.66818684141,0.016821999595046853,-29999.99534638327,16826.29886142514,-4760.616046864283,-3.3225753634885665e+28,1.7025376641181692e+29,3.345895719454819e+28,-5.966999074395633e+34,1.2363964403375192e+27,-3.498100671235875e+26
94354856890.19818,56282043662.73552,-99999982927.37735,-57299996759.066376,34870495814.79156,145005692744.39804,-5586.28774141184,28495.475043495386,0.016890614127122474,-29999.99530607869,16813.811824509517,-4779.347177224848,-3.336131039171151e+28,1.7017497695975446e+29,3.35954314988466e+28,-5.966999066379051e+34,1.2354788928649593e+27,-3.511864305824818e+26
94298994012.78406,56566998413.17047,-99999982758.4712,-57599996712.12716,35038633933.03665,144957899272.6258,-5608.905488482901,28482.257112319716,0.01695898438596011,-29999.995265701407,16801.355927398938,-4798.031602190574,-3.3496383577219887e+28,1.7009603947477335e+29,3.373141994367466e+28,-5.966999058348009e+34,1.2345636335452738e+27,-3.525593621289633e+26
94242904957.89923,56851820984.29367,-99999982588.88136,-57899996664.78417,35206647492.31064,144909918956.60388,-5631.442304072011,28469.014842164488,0.01702711050164634,-29999.995225252762,16788.931030804702,-4816.66953074447,-3.3630973439918053e+28,1.7001695663740634e+29,3.386692278777457e+28,-5.966999050302774e+34,1.2336506521435294e+27,-3.539288771191036e+26
94186590534.8585,57136511132.71532,-99999982418.61026,-58199996617.0367,35374536802.61868,144861752261.29645,-5653.898233361618,28455.74867961559,0.017094992614954865,-29999.995184734093,16776.536996331022,-4835.261170530951,-3.3765080249635583e+28,1.699377311146643e+29,3.4001940311145224e+28,-5.966999042243611e+34,1.2327399384904034e+27,-3.5529499081061424e+26
94130051552.52489,57421068619.511475,-99999982247.66034,-58499996568.88404,35542302172.58199,144813399649.59113,-5676.273325064142,28442.459068975826,0.017162630877225474,-29999.99514414672,16764.173686467584,-4853.8067278670005,-3.389870429728306e+28,1.6985836555992364e+29,3.4136472814801467e+28,-5.966999034170782e+34,1.2318314824816381e+27,-3.566577183636672e+26
94073288819.27425,57705493210.20123,-99999982076.03403,-58799996520.32551,35709943909.44667,144764861582.31247,-5698.567631381581,28429.146452246612,0.017230025450243013,-29999.99510349197,16751.8409645822,-4872.306407753216,-3.4031845894610802e+28,1.6977886261281678e+29,3.427052062053335e+28,-5.9669990260845525e+34,1.2309252740774999e+27,-3.580170748417063e+26
94016303142.96043,57989784674.7237,-99999981903.73378,-59099996471.36043,35877462319.09249,144716138518.23492,-5720.78120796511,28415.81126911023,0.01729717650611636,-29999.995062771148,16739.538694913517,-4890.760413884745,-3.416450537396764e+28,1.6969922489912628e+29,3.440408407066544e+28,-5.966999017985181e+34,1.2300213033022452e+27,-3.5937307521225105e+26
93959095330.88078,58273942787.4148,-99999981730.76201,-59399996421.98814,36044857706.041626,144667230914.09607,-5742.914113874712,28402.453956912632,0.017364084227157486,-29999.995021985564,16727.266742563836,-4909.1689486621035,-3.429668308805978e+28,1.6961945503068224e+29,3.453716352781624e+28,-5.9669990098729285e+34,1.2291195602435906e+27,-3.607257343476913e+26
93901666189.74203,58557967326.98393,-99999981557.12117,-59699996372.20799,36212130373.46726,144618139224.60944,-5764.966411538824,28389.074950646824,0.017430748805760544,-29999.994981136515,16715.024973491953,-4927.5322132018955,-3.442837940970986e+28,1.6953955560526282e+29,3.466975937465772e+28,-5.966999001748053e+34,1.2282200350521886e+27,-3.6207506702607525e+26
93844016525.62665,58841858076.4904,-99999981382.81367,-59999996322.019356,36379280623.20218,144568863902.47742,-5786.938166714027,28375.674682936777,0.017497170444281104,-29999.994940225293,16702.813254506116,-4945.850407347412,-3.455959473161617e+28,1.6945952920649844e+29,3.4801872013675117e+28,-5.96699899361081e+34,1.2273227179411094e+27,-3.634210879318878e+26
93786147143.9595,59125614823.31977,-99999981207.84196,-60299996271.42161,36546308755.74724,144519405398.40393,-5808.829448444768,28362.253584021895,0.017563349354915478,-29999.994899253183,16690.63145325704,-4964.123729679133,-3.4690329466112156e+28,1.6937937840377877e+29,3.4933501866926886e+28,-5.966998985461457e+34,1.2264275991853272e+27,-3.647638116568227e+26
93728058849.47505,59409237359.15999,-99999981032.20847,-60599996220.41414,36713215070.27981,144469764161.10715,-5830.640329023138,28348.81208174203,0.017629285759580206,-29999.99485822146,16678.47943823098,-4982.352377525114,-3.4820584044926185e+28,1.692991057521634e+29,3.5064649375805028e+28,-5.966998977300248e+34,1.2255346691212124e+27,-3.661032527005454e+26
93669752446.18481,59692725479.97741,-99999980855.9156,-60899996168.99635,36879999864.66212,144419940637.3319,-5852.370883948704,28335.350601523016,0.0176949798897917,-29999.9948171314,16666.357078742898,-5000.536546971276,-3.4950358918941665e+28,1.6921871379229548e+29,3.5195315000795695e+28,-5.966998969127435e+34,1.224643918146028e+27,-3.674394254714494e+26
93611228737.34532,59976078985.99264,-99999980678.9658,-61199996117.16766,37046663435.44955,144369935271.86218,-5874.021191888404,28321.86956636274,0.01776043198654609,-29999.994775984258,16654.264244929676,-5018.676432871586,-3.5079654557957554e+28,1.691382050503183e+29,3.5325499221240173e+28,-5.966998960943268e+34,1.2237553367174326e+27,-3.6877234428740415e+26
93552488525.42644,60259297681.656265,-99999980501.36148,-61499996064.927505,37213206077.89884,144319748507.53348,-5895.591334636514,28308.369396817758,0.017825642300199264,-29999.994734781296,16642.200807743415,-5036.772228858142,-3.5208471450449265e+28,1.6905758203779566e+29,3.5455202535096332e+28,-5.966998952748e+34,1.222868915352986e+27,-3.701020233764962e+26
93493532612.08008,60542381375.62444,-99999980323.10506,-61799996012.27532,37379628085.97627,144269380785.2449,-5917.081397074695,28294.850510990404,0.017890611090347147,-29999.99469352376,16630.166638944793,-5054.824127351146,-3.533681010333008e+28,1.689768472516347e+29,3.5584425458700475e+28,-5.966998944541876e+34,1.2219846446296634e+27,-3.714284768777622e+26
93434361798.10933,60825329880.734344,-99999980144.19894,-62099995959.210556,37545929752.36572,144218832543.9714,-5938.49146713212,28281.313324516424,0.01795533862570624,-29999.994652212892,16618.161611096482,-5072.832319568791,-3.5464671041713025e+28,1.688960031740121e+29,3.5713168526529713e+28,-5.966998936325144e+34,1.2211025151833695e+27,-3.727517188419147e+26
93374976883.438,61108143013.97951,-99999979964.64555,-62399995905.73268,37712111368.476685,144168104220.77573,-5959.8216357456995,28267.75825055313,0.018019825183994427,-29999.994610849924,16606.18559755666,-5090.79699553704,-3.559205480867332e+28,1.6881505227230333e+29,3.5841432290964916e+28,-5.96699892809805e+34,1.2202225177084635e+27,-3.740717632320617e+26
93315378667.08055,61390820596.48504,-99999979784.4473,-62699995851.84118,37878173224.45225,144117196250.82034,-5981.071996820397,28254.18569976805,0.018084071051812062,-29999.99456943608,16594.23847247255,-5108.718344099308,-3.571896196501141e+28,1.6873399699901482e+29,3.596921732205419e+28,-5.966998919860836e+34,1.2193446429572828e+27,-3.753886239244171e+26
93255567947.11235,61673362453.48272,-99999979603.60658,-62999995797.53554,38044115609.17697,144066109067.37936,-6002.242647189657,28240.596080328076,0.018148076524523386,-29999.99452797258,16582.320110774046,-5126.596552926053,-3.584539308901663e+28,1.6865283979171928e+29,3.6096524207277013e+28,-5.966998911613746e+34,1.2184688817396768e+27,-3.7670231470900636e+26
93195545520.64046,61955768414.286,-99999979422.12582,-63299995742.81526,38209938810.28471,144014843101.8501,-6023.333686575939,28226.989797889106,0.018211841906138275,-29999.994486460637,16570.430388167413,-5144.431808524268,-3.597134877623151e+28,1.6857158307299375e+29,3.6223353551309026e+28,-5.96699890335702e+34,1.2175952249225415e+27,-3.780128492903632e+26
93135312183.7747,62238038312.26489,-99999979240.0074,-63599995687.67987,38375643114.16639,143963398783.76486,-6044.345217551371,28213.36725558618,0.018275367509194312,-29999.994444901455,16558.569181129016,-5162.224296246879,-3.609682963921679e+28,1.6849022925036067e+29,3.6349705975787487e+28,-5.966998895090899e+34,1.21672366342936e+27,-3.793202412882207e+26
93074868731.5992,62520171984.820755,-99999979057.25372,-63899995632.12888,38541228805.97768,143911776540.8024,-6065.2773454985245,28199.72885402411,0.018338653654639266,-29999.994403296227,16546.736366899142,-5179.974200302054,-3.622183630731719e+28,1.6840878071623198e+29,3.64755821190775e+28,-5.966998886815619e+34,1.215854188239749e+27,-3.806245042381949e+26
93014215958.14421,62802169273.36099,-99999978873.86719,-64199995576.16184,38706696169.64667,143859976798.79938,-6086.130178571319,28186.074991268542,0.018401700671713914,-29999.994361646142,16534.931823475872,-5197.681703762412,-3.6346369426427922e+28,1.6832723984785575e+29,3.6600982636038975e+28,-5.966998878531417e+34,1.214986790389007e+27,-3.8192565159246205e+26
92953354656.35849,63084030023.27368,-99999978689.85017,-64499995519.778305,38872045487.881424,143807999981.76175,-6106.903827656063,28172.40606283756,0.018464508897835297,-29999.994319952384,16523.15542960901,-5215.346988574155,-3.647042965876201e+28,1.682456090072659e+29,3.67259081977944e+28,-5.966998870238529e+34,1.21412146096767e+27,-3.832236967204289e+26
92892285618.08192,63365754083.902054,-99999978505.20508,-64799995462.97783,39037277042.17751,143755846511.876,-6127.598406332633,28158.722461693687,0.018527078678480385,-29999.994278216123,16511.407064794086,-5232.970235566093,-3.6594017682618488e+28,1.681638905412347e+29,3.6850359491497484e+28,-5.966998861937186e+34,1.2132581911210694e+27,-3.845186529093965e+26
92831009634.0186,63647341308.51899,-99999978319.9343,-65099995405.75999,39202391112.825455,143703516809.52036,-6148.2140308358,28145.024578236404,0.018589410367070174,-29999.994236438528,16499.686609266395,-5250.551624458597,-3.67171341921514e+28,1.680820867812278e+29,3.6974337220102575e+28,-5.966998853627623e+34,1.2123969720488946e+27,-3.858105333652177e+26
92769527493.71024,63928791554.30135,-99999978134.04019,-65399995348.124374,39367387978.91812,143651011293.27576,-6168.750820016705,28131.312800295073,0.018651504324854233,-29999.99419462075,16487.993943995116,-5268.091333872454,-3.6839779897139766e+28,1.680002000433622e+29,3.709784210213507e+28,-5.966998845310067e+34,1.2115377950047611e+27,-3.870993512129479e+26
92707839985.51007,64210104682.304306,-99999977947.52515,-65699995290.07058,39532267918.35807,143598330379.93704,-6189.208895304493,28117.58751312236,0.018713360920795737,-29999.994152763946,16476.328950677485,-5285.58954133764,-3.6961955522758434e+28,1.6791823262836674e+29,3.722087487146272e+28,-5.966998836984749e+34,1.2106806512957816e+27,-3.883851194974898e+26
92645947896.55702,64491280557.43553,-99999977760.39154,-65999995231.59822,39697031207.864845,143545474484.52365,-6209.588380668109,28103.849099388055,0.018774980531456948,-29999.994110869255,16464.691511733017,-5303.046423302006,-3.7083661809349944e+28,1.6783618682154548e+29,3.7343436277067866e+28,-5.966998828651894e+34,1.2098255322821421e+27,-3.896678511842314e+26
92583852012.75034,64772319048.42941,-99999977572.64174,-66299995172.70692,39861678122.98218,143492444020.29062,-6229.889402578256,28090.097939173378,0.018836363540885234,-29999.994068937813,16453.08151029779,-5320.46215513988,-3.7204899512197345e+28,1.6775406489274344e+29,3.746552708282073e+28,-5.96699882031173e+34,1.2089724293766817e+27,-3.909475591596784e+26
92521553118.72455,65053220027.821144,-99999977384.2781,-66599995113.39629,40026208938.08516,143439239398.73923,-6250.112089969531,28076.33440996566,0.018897510340499562,-29999.994026970748,16441.49883021879,-5337.836911160588,-3.732566940129804e+28,1.6767186909631492e+29,3.7587148067253625e+28,-5.966998811964482e+34,1.2081213340444765e+27,-3.9222425623208e+26
92459051997.82486,65333983371.9208,-99999977195.30301,-66899995053.666,40190623926.387344,143385861029.62762,-6270.256574202729,28062.55888665351,0.018958421328977546,-29999.993984969176,16429.943356048294,-5355.170864616886,-3.74459722611387e+28,1.675896016710948e+29,3.7708300023336336e+28,-5.966998803610369e+34,1.2072722378024286e+27,-3.934979551320488e+26
92396349432.08282,65614608960.78733,-99999977005.7188,-67199994993.51569,40354923359.94783,143332309320.98145,-6290.322989027334,28048.771741522356,0.019019096912143013,-29999.993942934212,16418.41497303834,-5372.46418771332,-3.7565808890471244e+28,1.6750726484037153e+29,3.782898375825245e+28,-5.966998795249615e+34,1.2064251322188571e+27,-3.947686685131747e+26
92333446202.19255,65895096678.20255,-99999976815.52783,-67499994932.94504,40519107509.678215,143278584679.1043,-6310.311470544191,28034.973344250433,0.01907953750285414,-29999.993900866957,16406.91356713521,-5389.717051614497,-3.7685180102089914e+28,1.674248608118636e+29,3.7949200093176886e+28,-5.966998786882437e+34,1.2055800089130951e+27,-3.9603640895263325e+26
92270343087.4871,66175446411.64506,-99999976624.73245,-67799994871.953705,40683176645.34956,143224687508.58817,-6330.222157168366,28021.164061905158,0.01913974352089214,-29999.99385876851,16395.439024974,-5406.92962645328,-3.7804086722609483e+28,1.673423917776976e+29,3.8068949863054463e+28,-5.966998778509056e+34,1.2047368595550894e+27,-3.9730118895178705e+26
92207040865.91542,66455658052.26411,-99999976433.33502,-68099994810.54139,40847131035.599304,143170618212.32364,-6350.055189592202,28007.344258939927,0.019199715392850526,-29999.993816639955,16383.991233873227,-5424.102081338908,-3.792252959224463e+28,1.6725985991438924e+29,3.8188233916379693e+28,-5.966998770129687e+34,1.2038956758650046e+27,-3.9856302093678294e+26
92143540314.0195,66735731494.85351,-99999976241.33788,-68399994748.70779,41010970947.938034,143116377191.51025,-6369.810710748572,27993.514297191297,0.019259453552024994,-29999.993774482373,16372.570081829497,-5441.234584365028,-3.8040509564590472e+28,1.6717726738282642e+29,3.830705311497771e+28,-5.966998761744544e+34,1.2030564496128314e+27,-3.998219172591423e+26
92079842206.91202,67015666637.825424,-99999976048.74335,-68699994686.452614,41174696648.75633,143061964845.6666,-6389.488865774332,27979.67453587656,0.019318958438303866,-29999.99373229684,16361.175457512216,-5458.327302617664,-3.8158027506404314e+28,1.670946163282548e+29,3.842540833378639e+28,-5.966998753353841e+34,1.2022191726179976e+27,-4.010778901963459e+26
92015947318.25427,67295463383.18419,-99999975855.55376,-68999994623.77559,41338308403.33145,143007381572.6404,-6409.089801973976,27965.825331591714,0.019378230498059163,-29999.993690084415,16349.80725025835,-5475.380402183097,-3.827508429738859e+28,1.6701190888026572e+29,3.8543300460639674e+28,-5.96699874495779e+34,1.2013838367489836e+27,-4.02330951952414e+26
91951856420.23453,67575121636.50011,-99999975661.77145,-69299994560.67644,41501806475.83404,142952627768.6186,-6428.613668783505,27951.967038309806,0.019437270184038322,-29999.99364784616,16338.465350067254,-5492.394048155682,-3.8391680829975094e+28,1.6692914715278617e+29,3.866073039605222e+28,-5.966998736556601e+34,1.2005504339229418e+27,-4.035811146584795e+26
91887570283.54669,67854641306.8832,-99999975467.39876,-69599994497.15489,41665191129.33471,142897703828.13702,-6448.060617734503,27938.100007379653,0.01949607795525651,-29999.99360558312,16327.14964759553,-5509.368404645577,-3.850781800911045e+28,1.668463332440713e+29,3.8777699053005198e+28,-5.9669987281504825e+34,1.1997189561053195e+27,-4.0482839037335704e+26
91823089677.36935,68134022306.957,-99999975272.43797,-69899994433.21072,41828462625.81066,142842610144.09058,-6467.43080241843,27924.224587524932,0.019554654276889617,-29999.99356329634,16315.860034151945,-5526.303634786415,-3.8623496752042865e+28,1.667634692366989e+29,3.8894207356733445e+28,-5.966998719739642e+34,1.1988893953094849e+27,-4.060727910841058e+26
91758415369.34517,68413264552.83225,-99999975076.89143,-70199994368.84369,41991621226.15218,142787347107.7427,-6486.724378451137,27910.341124843624,0.019612999620167874,-29999.99352098685,16304.5964016924,-5543.1999007428885,-3.8738717988110195e+28,1.6668055719756614e+29,3.90102562445139e+28,-5.966998711324284e+34,1.1980617435963575e+27,-4.073143287065874e+26
91693548125.56065,68692367964.08069,-99999974880.76144,-70499994304.05356,42154667190.169106,142731915108.7353,-6505.941503437597,27896.449962807837,0.019671114462270163,-29999.993478655673,16293.358642814941,-5560.0573637182715,-3.885348265852933e+28,1.665975991778884e+29,3.9125846665455354e+28,-5.9669987029046135e+34,1.1972359930740418e+27,-4.085530150860186e+26
91628488710.52628,68971332463.70877,-99999974684.0503,-70799994238.84012,42317600776.59725,142676314535.0981,-6525.082336936864,27882.55144226396,0.01972899928621898,-29999.993436303834,16282.146650754818,-5576.87618396187,-3.8967791716186953e+28,1.6651459721320038e+29,3.9240979580289547e+28,-5.966998694480832e+34,1.196412135897464e+27,-4.097888619975182e+26
91563237887.1569,69250157978.13141,-99999974486.7603,-71099994173.20316,42480422243.1048,142620545773.25848,-6544.147040427258,27868.645901433174,0.019786654580776084,-29999.993393932335,16270.960319379597,-5593.656520776399,-3.9081646125431585e+28,1.6643155332335893e+29,3.935565596116363e+28,-5.966998686053141e+34,1.1955901642680128e+27,-4.110218811466498e+26
91497796416.75264,69528844437.14574,-99999974288.89375,-71399994107.14247,42643131846.29859,142564609208.05072,-6563.135777271784,27854.73367591229,0.01984408084033885,-29999.993351542184,16259.79954318432,-5610.398532525292,-3.9195046861867095e+28,1.663484695125482e+29,3.9469876791433974e+28,-5.96699867762174e+34,1.1947700704331837e+27,-4.122520841699584e+26
91432165058.97992,69807391773.90486,-99999974090.45294,-71699994040.6579,42805729841.73044,142508505222.72546,-6582.048712683782,27840.81509867496,0.019901278564837296,-29999.99330913437,16248.664217286692,-5627.102376639942,-3.9307994912147545e+28,1.662653477692869e+29,3.958364306546138e+28,-5.9669986691868255e+34,1.1939518466862261e+27,-4.134794826355029e+26
91366344571.85309,70085799924.89162,-99999973891.44016,-71999993973.74924,42968216483.903305,142452234198.95908,-6600.886013692811,27826.890500073154,0.01995824825963184,-29999.99326670988,16237.554237422351,-5643.768209626881,-3.9420491273773468e+28,1.6618219006643687e+29,3.969695578840773e+28,-5.966998660748595e+34,1.1931354853657944e+27,-4.147040880433832e+26
91300335711.71616,70364068829.89235,-99999973691.85767,-72299993906.41634,43130592026.27753,142395796516.8628,-6619.647849110775,27812.960207839016,0.02001499043541177,-29999.993224269696,16226.469499940144,-5660.396187074879,-3.953253695488955e+28,1.660989983612146e+29,3.9809815976034e+28,-5.966998652307242e+34,1.1923209788556017e+27,-4.159259118262621e+26
91234139233.22505,70642198431.97073,-99999973491.70776,-72599993838.65903,43292856721.27693,142339192554.99203,-6638.334389498287,27799.024547087025,0.020071505608094398,-29999.993181814785,16215.409901797471,-5676.9864636619905,-3.964413297408377e+28,1.6601577459520373e+29,3.992222465449975e+28,-5.966998643862961e+34,1.1915083195840781e+27,-4.1714496534988306e+26
91167755889.33006,70920188677.4416,-99999973290.9927,-72899993770.47717,43455010820.29491,142282422690.3554,-6656.945807131279,27785.08384031644,0.020127794298725004,-29999.99313934611,16204.375340555669,-5693.539193162531,-3.9755280360188e+28,1.659325206943698e+29,4.003418286016403e+28,-5.96699863541594e+34,1.1906975000240305e+27,-4.183612599135827e+26
91101186431.25874,71198039515.84477,-99999973089.71477,-73199993701.87064,43617054573.70046,142225487298.4238,-6675.482275967854,27771.1384074141,0.020183857033377463,-29999.993096864626,16193.365714375434,-5710.054528453986,-3.986598015208002e+28,1.65849238569077e+29,4.014569163938777e+28,-5.966998626966374e+34,1.1898885126923068e+27,-4.195748067507989e+26
91034431608.49907,71475750899.91891,-99999972887.87619,-73499993632.83928,43778988230.844215,142168386753.13925,-6693.943971615385,27757.188565657467,0.020239694343055642,-29999.99305437128,16182.380922012297,-5726.532621523861,-3.997623339848708e+28,1.657659301141064e+29,4.025675204833767e+28,-5.966998618514447e+34,1.1890813501494635e+27,-4.207856170295733e+26
90967492168.78291,71753322785.57549,-99999972685.47925,-73799993563.383,43940812040.06434,142111121426.924,-6712.331071297868,27743.234629718027,0.020295306763595523,-29999.993011867013,16171.420862812132,-5742.973623476467,-4.008604115779087e+28,1.6568259720867606e+29,4.036736515279149e+28,-5.966998610060348e+34,1.1882760049994354e+27,-4.219937018530508e+26
90900368858.06993,72030755131.87267,-99999972482.52618,-74099993493.50166,44102526248.69246,142053691690.68924,-6730.643753823524,27729.27691166493,0.020350694835568093,-29999.992969352752,16160.485436706715,-5759.377684539642,-4.019540449783409e+28,1.6559924171646296e+29,4.047753202794493e+28,-5.966998601604262e+34,1.1874724698892094e+27,-4.231990722599729e+26
90833062420.5317,72308047900.98932,-99999972279.01924,-74399993423.19519,44264131103.059525,141996097913.84384,-6748.882199552649,27715.31572096894,0.020405859104182994,-29999.992926829425,16149.574544209314,-5775.744954071414,-4.030432449572842e+28,1.6551586548562654e+29,4.058725375821997e+28,-5.966998593146373e+34,1.1866707375085004e+27,-4.244017392251675e+26
90765573598.53616,72585201058.199,-99999972074.96065,-74699993352.46349,44425626848.50162,141938340464.30313,-6767.046590365724,27701.35136450667,0.020460800119192928,-29999.992884297946,16138.688086410337,-5792.0755805666,-4.04128022376641e+28,1.6543247034883384e+29,4.069653143707473e+28,-5.966998584686861e+34,1.1858708005894315e+27,-4.256017136600338e+26
90697903132.6325,72862214571.84407,-99999971870.35265,-74999993281.30647,44587013729.36572,141880419708.49747,-6785.1371096317835,27687.38414656507,0.020515518434798822,-29999.992841759224,16127.82596497301,-5808.36971166335,-4.052083881872101e+28,1.653490581232866e+29,4.080536616681486e+28,-5.96699857622591e+34,1.1850726519062167e+27,-4.26799006413023e+26
90630051761.5362,73139088413.30972,-99999971665.19746,-75299993209.72406,44748291989.01545,141822336011.38083,-6803.153942177033,27673.41436884619,0.020570014609555785,-29999.99279921416,16116.988082129094,-5824.627494149625,-4.0628435342681245e+28,1.6526563061074946e+29,4.091375905840646e+28,-5.966998567763696e+34,1.1842762842748457e+27,-4.2799362827011445e+26
90562020222.11443,73415822556.99818,-99999971459.49731,-75599993137.7162,44909461869.83674,141764089736.43933,-6821.097274253732,27659.442330472233,0.02062428920627983,-29999.992756663643,16106.174340674646,-5840.849073969621,-4.073559292184329e+28,1.6518218959758017e+29,4.102171123129058e+28,-5.966998559300398e+34,1.183481690552773e+27,-4.2918558995528774e+26
90493809249.37189,73692416980.3029,-99999971253.25443,-75899993065.28284,45070523613.243484,141705681245.69965,-6838.9672935093395,27645.468327990817,0.02067834279195537,-29999.992714108565,16095.38464396583,-5857.0345962301335,-4.084231267683778e+28,1.6509873685476116e+29,4.112922381319923e+28,-5.966998550836193e+34,1.1826888636386092e+27,-4.303749021309902e+26
90425419576.4368,73968871663.58281,-99999971046.471,-76199992992.42392,45231477459.68314,141647110899.73734,-6856.764188955913,27631.492655380538,0.02073217593764352,-29999.992671549797,16084.618895914746,-5873.184205206868,-4.094859573644471e+28,1.650152741379326e+29,4.123629793997296e+28,-5.966998542371254e+34,1.1818977964718155e+27,-4.3156157539860064e+26
90356851934.54724,74245186590.13661,-99999970839.14923,-76499992919.13942,45392323648.64229,141588379057.68527,-6874.488150939776,27617.51560405675,0.020785789218391155,-29999.99262898821,16073.877000985312,-5889.298044350686,-4.105444323741235e+28,1.649318031874269e+29,4.1342934755380006e+28,-5.966998533905755e+34,1.1811084820324007e+27,-4.3274562029888836e+26
90288107053.03784,74521361746.17719,-99999970631.29134,-76799992845.4293,45553062418.65214,141529486077.24176,-6892.13937111145,27603.5374628776,0.020839183213140787,-29999.99258642467,16063.158864189192,-5905.376256293804,-4.115985632427758e+28,1.6484832572830504e+29,4.144913541093702e+28,-5.966998525439867e+34,1.1803209133406218e+27,-4.3392704731246865e+26
90219185659.32672,74797397120.80595,-99999970422.8995,-77099992771.29355,45713694007.29403,141470432314.67883,-6909.718042395847,27589.558518150297,0.020892358504641217,-29999.992543860026,16052.46439108174,-5921.418982855931,-4.1264836149188e+28,1.647648434703936e+29,4.155490106573138e+28,-5.966998516973758e+34,1.1795350834566862e+27,-4.351058668602538e+26
90150088478.90276,75073292705.98746,-99999970213.97592,-77399992696.73215,45874218651.20485,141411218124.85028,-6927.224358962733,27575.579053637615,0.020945315679359002,-29999.992501295128,16041.793487758001,-5937.426365050355,-4.136938387172544e+28,1.6468135810832384e+29,4.1660232886245055e+28,-5.9669985085076e+34,1.1787509854804578e+27,-4.362820893039001e+26
90080816235.31313,75349048496.52383,-99999970004.52277,-77699992621.7451,46034636586.08243,141351843861.19977,-6944.658516197452,27561.59935056462,0.020998055327390693,-29999.992458730812,16031.146060848747,-5953.398543089975,-4.147350065873119e+28,1.6459787132157192e+29,4.176513204618009e+28,-5.966998500041558e+34,1.1779686125511658e+27,-4.3745572494625136e+26
90011369650.15115,75624664490.02948,-99999969794.5422,-77999992546.33241,46194948046.69092,141292309875.76886,-6962.02071067192,27547.619687625618,0.0210505780423759,-29999.992416167912,16020.52201751654,-5969.335656393274,-4.157718768413271e+28,1.645143847745002e+29,4.186959972628566e+28,-5.966998491575797e+34,1.1771879578471152e+27,-4.3862678403177776e+26
89941749443.04443,75900140686.90573,-99999969584.03642,-78299992470.4941,46355153266.86608,141232616519.20493,-6979.311140115889,27533.640340991336,0.02110288442141114,-29999.992373607252,16009.92126545184,-5985.237843590251,-4.168044612877209e+28,1.6443090011640027e+29,4.197363711418676e+28,-5.966998483110482e+34,1.1764090145854011e+27,-4.3979527674701166e+26
89871956331.64328,76175477090.31564,-99999969373.00758,-78599992394.23016,46515252479.5206,141172764140.769,-6996.530003388477,27519.661584316294,0.02115497506496452,-29999.99233104965,15999.34371286915,-6001.10524252829,-4.178327718023599e+28,1.643474189815369e+29,4.207724540421442e+28,-5.966998474645775e+34,1.1756317760216251e+27,-4.409612132209787e+26
89801991031.60939,76450673706.15881,-99999969161.45784,-78899992317.54066,46675245916.64929,141112753088.34372,-7013.677500449963,27505.683688746394,0.02120685057679117,-29999.992288495912,15988.789268503193,-6016.937990277981,-4.188568203268718e+28,1.6426394298919346e+29,4.218042579723763e+28,-5.966998466181837e+34,1.1748562354496146e+27,-4.42124603525626e+26
89731854256.60489,76725730543.04628,-99999968949.38933,-79199992240.42563,46835133809.33433,141052583708.44095,-7030.753832333861,27491.706922926707,0.021258511563849544,-29999.992245946843,15978.25784160513,-6032.736223138896,-4.1987661886697825e+28,1.641804737437183e+29,4.2283179500496745e+28,-5.966998457718826e+34,1.1740823862011449e+27,-4.432854576762461e+26
89661546718.28156,77000647612.27554,-99999968736.80421,-79499992162.8851,46994916387.75038,140992256346.20956,-7047.759201119255,27477.73155300948,0.0213099586362185,-29999.992203403235,15967.749341938803,-6048.500076645303,-4.208921794908419e+28,1.640970128345726e+29,4.238550772743859e+28,-5.966998449256903e+34,1.1733102216456632e+27,-4.444437856318969e+26
89591069126.27036,77275424927.80563,-99999968523.70464,-79799992084.91913,47154593881.16977,140931771345.4431,-7064.693809903404,27463.75784266229,0.021361192407015176,-29999.992160865873,15957.26367977703,-6064.229685571842,-4.219035143274313e+28,1.640135618363792e+29,4.248741169755318e+28,-5.9669984407962215e+34,1.1725397351900162e+27,-4.45599597295819e+26
89520422188.17133,77550062506.23225,-99999968310.09271,-80099992006.52779,47314166517.96754,140871129048.5874,-7081.557862774627,27449.78605307644,0.02141221349231371,-29999.99211833554,15946.800765897917,-6079.925183939145,-4.229106355649008e+28,1.639301223089725e+29,4.258889263621197e+28,-5.966998432336939e+34,1.1717709202781789e+27,-4.467529025158484e+26
89449606609.54358,77824560366.76302,-99999968095.97058,-80399991927.71114,47473634525.62652,140810329796.74802,-7098.351564785444,27435.816442975505,0.021463022511064734,-29999.992075813007,15936.360511581213,-6095.586705019412,-4.239135554489867e+28,1.6384669579744974e+29,4.268995177450775e+28,-5.966998423879207e+34,1.1710037703909875e+27,-4.479037110848264e+26
89378623093.89572,78098918531.19276,-99999967881.34036,-80699991848.46927,47632998130.74233,140749373929.6978,-7115.075121925996,27421.849268624057,0.02151362008501571,-29999.992033299037,15925.942828604704,-6111.2143813419325,-4.249122862814205e+28,1.6376328383222287e+29,4.279059034909625e+28,-5.966998415423178e+34,1.1702382790458736e+27,-4.490520327410052e+26
89307472342.67647,78373137023.879,-99999967666.20416,-80999991768.80226,47792257559.02838,140688261785.8844,-7131.728741097737,27407.884783836584,0.021564006838632053,-29999.991990794388,15915.547629240631,-6126.808344698571,-4.2590684041835685e+28,1.6367988792907208e+29,4.2890809602039155e+28,-5.966998406969004e+34,1.1694744397966015e+27,-4.5019787716845096e+26
89236155055.26549,78647215871.71736,-99999967450.56409,-81299991688.7102,47951413035.320786,140626993702.4374,-7148.312630087387,27393.923239986565,0.021614183399019073,-29999.99194829981,15905.174826252147,-6142.368726149193,-4.268972302688188e+28,1.6359650958919978e+29,4.299061078064893e+28,-5.966998398516832e+34,1.1687122462330077e+27,-4.513412539974427e+26
89164671928.96461,78921155104.11723,-99999967234.42226,-81599991608.1932,48110464783.583305,140565570015.1759,-7164.826997541167,27379.96488601571,0.021664150395844732,-29999.991905816045,15894.824332889804,-6157.895656027056,-4.278834682931585e+28,1.6351315029928583e+29,4.308999513733517e+28,-5.966998390066811e+34,1.1679516919807428e+27,-4.524821728048681e+26
89093023658.9892,79194954752.97739,-99999967017.78075,-81899991527.25137,48269413026.9122,140503991058.61563,-7181.272052939291,27366.00996844337,0.021713908461263195,-29999.99186334383,15884.496062888078,-6173.389263944148,-4.288655670015345e+28,1.634298115315438e+29,4.3188963929452495e+28,-5.966998381619087e+34,1.1671927707010159e+27,-4.5362064311461604e+26
89021210938.45981,79468614852.66182,-99999966800.64166,-82199991445.88481,48428257987.541084,140442257165.9762,-7197.64800657074,27352.058731376095,0.021763458229839206,-29999.99182088389,15874.189930461922,-6188.849678796485,-4.298435389524046e+28,1.6334649474377804e+29,4.328751841915018e+28,-5.966998373173806e+34,1.166435476090342e+27,-4.547566743979657e+26
88949234458.3941,79742135439.97559,-99999966583.00708,-82499991364.09364,48586999886.8457,140380368669.18823,-7213.955069508298,27338.111416517353,0.021812800338473267,-29999.99177843695,15863.905850303354,-6204.277028769361,-4.308173967510356e+28,1.6326320137944164e+29,4.338565987322333e+28,-5.966998364731109e+34,1.1656798018802904e+27,-4.5589027607397266e+26
88877094907.69902,80015516554.14076,-99999966364.87907,-82799991281.878,48745638945.34874,140318325898.90054,-7230.193453583856,27324.168263177387,0.02186193542632761,-29999.99173600372,15853.643737578072,-6219.67144134256,-4.317871530480279e+28,1.6317993286769536e+29,4.3483389562965615e+28,-5.96699835629114e+34,1.1649257418372367e+27,-4.570214575098513e+26
88804792973.16318,80288758236.77254,-99999966146.25972,-83099991199.23804,48904175382.72452,140256129184.48712,-7246.363371363992,27310.229508283224,0.021910864134752996,-29999.99169358491,15843.40350792211,-6235.033043295516,-4.327528205378576e+28,1.6309669062346743e+29,4.358070876402371e+28,-5.966998347854038e+34,1.1641732897621166e+27,-4.581502280213545e+26
88732329339.44954,80561860531.85536,-99999965927.15108,-83399991116.17389,49062609417.80374,140193778854.05417,-7262.46503612581,27296.29538638883,0.0219595871072163,-29999.99165118122,15833.185077438518,-6250.361960712441,-4.337144119574334e+28,1.630134760475141e+29,4.367761875625322e+28,-5.966998339419944e+34,1.1634224394901823e+27,-4.592765968731501e+26
88659704689.08829,80834823485.71925,-99999965707.5552,-83699991032.6857,49220941268.578125,140131275234.44705,-7278.498661833054,27282.366129685368,0.02200810498922891,-29999.991608793338,15822.988362694074,-6265.658318987403,-4.3467194008467005e+28,1.62930290526481e+29,4.37741208235763e+28,-5.966998330988995e+34,1.1626731848907605e+27,-4.6040057327919435e+26
88586919702.46996,81107647147.01611,-99999965487.47415,-83999990948.77364,49379171152.20506,140068618651.25717,-7294.464463112486,27268.44196801164,0.022056418428275923,-29999.99156642195,15812.813280716031,-6280.922242829365,-4.3562541773707765e+28,1.6284713543296553e+29,4.387021625384081e+28,-5.966998322561326e+34,1.1619255198670139e+27,-4.615221664031017e+26
88513975057.83884,81380331566.69623,-99999965266.90997,-84299990864.43785,49537299285.01222,140005809428.8289,-7310.362655230526,27254.523128864617,0.022104528073746132,-29999.99152406774,15802.65974898889,-6296.153856267187,-4.365748577703671e+28,1.627640121255795e+29,4.396590633868106e+28,-5.966998314137073e+34,1.1611794383557037e+27,-4.6264138535851284e+26
88440871431.28653,81652876797.98488,-99999965045.86469,-84599990779.67853,49695325882.50211,139942847890.2662,-7326.1934540701695,27240.609837410095,0.022152434576862827,-29999.991481731377,15792.527685451209,-6311.353282654579,-4.3752027307707055e+28,1.626809219490131e+29,4.406119237338016e+28,-5.96699830571637e+34,1.1604349343269547e+27,-4.637582392094584e+26
88367609496.74583,81925282896.35898,-99999964824.34033,-84899990694.49583,49853251159.35663,139879734357.43967,-7341.957076108158,27226.70231649349,0.022200138590615363,-29999.991439413523,15782.417008492435,-6326.520644675026,-4.384616765851792e+28,1.6259786623409914e+29,4.415607565673395e+28,-5.96699829729935e+34,1.159692001784024e+27,-4.6487273697072094e+26
88294189925.98476,82197549919.52391,-99999964602.33894,-85199990608.88997,50011075329.44155,139816469150.99292,-7357.653738392419,27212.800786650743,0.022247640769691563,-29999.991397114838,15772.327636949774,-6341.656064346665,-4.393990812567953e+28,1.6251484629787825e+29,4.425055749091652e+28,-5.966998288886141e+34,1.1589506347630693e+27,-4.659848876081929e+26
88220613388.60083,82469677927.39041,-99999964379.86253,-85499990522.86111,50168798605.81105,139753052590.34946,-7373.283658519769,27198.905466119322,0.022294941770410862,-29999.991354835973,15762.259490105087,-6356.759663027124,-4.403325000868006e+28,1.624318634436646e+29,4.43446391813472e+28,-5.966998280476875e+34,1.1582108273329217e+27,-4.6709470003923304e+26
88146880552.01562,82741666982.0516,-99999964156.91312,-85799990436.40947,50326421200.712105,139689484993.71918,-7388.8470546138815,27185.016570849344,0.02234204225065827,-29999.991312577567,15752.21248768181,-6371.831561418329,-4.41261946101541e+28,1.623489189611123e+29,4.44383220365593e+28,-5.966998272071678e+34,1.1574725735948594e+27,-4.682021831330188e+26
88072992081.46948,83013517147.7601,-99999963933.49269,-86099990349.53525,50483943325.58892,139625766678.10498,-7404.34414530351,27171.13431451481,0.022388942869819125,-29999.991270340262,15742.186549841921,-6386.871879571272,-4.421874323575256e+28,1.6226601412628246e+29,4.453160736807024e+28,-5.966998263670678e+34,1.1567358676823843e+27,-4.693073457108971e+26
87998948640.01645,83285228490.90524,-99999963709.60326,-86399990262.23865,50641365191.08734,139561897959.30927,-7419.775149700981,27157.258908524916,0.02243564428871459,-29999.99122812469,15732.181597182911,-6401.880736890735,-4.431089719401427e+28,1.6218315020171082e+29,4.462449649025332e+28,-5.966998255274001e+34,1.1560007037610003e+27,-4.7041019654673116e+26
87924750888.51944,83556801079.9905,-99999963485.24681,-86699990174.5199,50798687007.05917,139497879151.94037,-7435.140287380939,27143.390562035496,0.02248214716953798,-29999.99118593147,15722.197550734807,-6416.858252139984,-4.440265779623897e+28,1.62100328436476e+29,4.471699072021104e+28,-5.96699824688177e+34,1.1552670760279936e+27,-4.71510744367246e+26
87850399485.64563,83828234985.61086,-99999963260.42534,-86999990086.37921,50955908982.56652,139433710569.41898,-7450.439778359354,27129.529481960522,0.02252845217579181,-29999.99114376122,15712.234331957214,-6431.8045434454325,-4.449402635636207e+28,1.6201755006626826e+29,4.480909137764991e+28,-5.966998238494106e+34,1.154534978712216e+27,-4.7260899785237036e+26
87775895087.86203,84099530280.43047,-99999963035.14082,-87299989997.81682,51113031325.88609,139369392523.98453,-7465.673843072785,27115.67587298372,0.022574559972225672,-29999.991101614552,15702.29186273638,-6446.719728301258,-4.458500419083067e+28,1.6193481631345878e+29,4.490079978475686e+28,-5.966998230111135e+34,1.1538044060738692e+27,-4.7370496563557644e+26
87701238349.4313,84370687039.16031,-99999962809.39522,-87599989908.83296,51270054244.51346,139304925326.7015,-7480.8427023579015,27101.829937570263,0.02262047122477484,-29999.99105949207,15692.370065382302,-6461.603923573994,-4.467559261848139e+28,1.6185212838716962e+29,4.499211726607715e+28,-5.966998221732972e+34,1.1530753524042915e+27,-4.7479865630421705e+26
87626429922.40773,84641705338.53601,-99999962583.1905,-87899989819.42789,51426977945.16728,139240309287.46576,-7495.946577431265,27087.991875978543,0.022666186600499662,-29999.991017394368,15682.468862625852,-6476.457245507079,-4.476579296041952e+28,1.6176948748334385e+29,4.508304514839383e+28,-5.966998213359739e+34,1.1523478120257475e+27,-4.7589007839986016e+26
87551470456.63342,84912585257.29579,-99999962356.52864,-88199989729.60184,51583802633.79354,139175544715.01068,-7510.985689869351,27074.16188627204,0.022711706767525694,-29999.99097532204,15672.588177615939,-6491.279809725387,-4.485560653989976e+28,1.6168689478481662e+29,4.51735847606086e+28,-5.966998204991554e+34,1.1516217792912192e+27,-4.769792404186214e+26
87476360599.73473,85183326876.15851,-99999962129.41158,-88499989639.35506,51740528515.5697,139110631916.91342,-7525.960261588842,27060.34016433124,0.02275703239498463,-29999.99093327567,15662.727933916682,-6506.071731239707,-4.494503468220856e+28,1.6160435146138617e+29,4.526373743362443e+28,-5.966998196628531e+34,1.1508972485841978e+27,-4.780661508114937e+26
87401100997.11884,85453930277.80182,-99999961901.84125,-88799989548.68782,51897155794.90887,139045571199.601,-7540.870514827158,27046.52690386565,0.022802164152955943,-29999.99089125583,15652.888055504633,-6520.8331244512065,-4.503407871454779e+28,1.6152185866988568e+29,4.535350450022936e+28,-5.966998188270785e+34,1.1501742143184804e+27,-4.791508179846746e+26
87325692291.97057,85724395546.84047,-99999961673.81961,-89099989457.60037,52053684675.46391,138980362868.3565,-7555.71667212325,27032.722296425884,0.022847102712409324,-29999.990849263097,15643.068466766015,-6535.5641031558525,-4.512273996592005e+28,1.614394175542554e+29,4.5442887294982145e+28,-5.966998179918429e+34,1.1494526709379667e+27,-4.8023325029989204e+26
87250135125.24933,85994722769.80473,-99999961445.34859,-89399989366.093,52210115360.13158,138915007227.32495,-7570.4989562986275,27018.926531415786,0.022891848745147818,-29999.990807298032,15633.269092493993,-6550.264780548809,-4.521101976701541e+28,1.6135702924561507e+29,4.5531887154099e+28,-5.966998171571578e+34,1.1487326129164586e+27,-4.813134560747265e+26
87174430135.68634,86264912035.1189,-99999961216.4301,-89699989274.16599,52366448051.05652,138849504579.51947,-7585.217590438652,27005.139796104657,0.022936402923751754,-29999.990765361195,15623.489857885961,-6564.9352692287985,-4.529891945009963e+28,1.6127469486233703e+29,4.5620505415342235e+28,-5.966998163230342e+34,1.1480140347574604e+27,-4.823914435829321e+26
87098577959.78195,86534963433.07994,-99999960987.06607,-89999989181.8196,52522682949.635376,138783855226.82718,-7599.872797874064,26991.36227563951,0.02298076592152338,-29999.990723453135,15613.73068854088,-6579.575681202442,-4.538644034890391e+28,1.6119241551011916e+29,4.570874341791e+28,-5.966998154894828e+34,1.1472969309939838e+27,-4.834672210547554e+26
87022579231.8032,86804877055.83633,-99999960757.2584,-90299989089.05412,52678820256.52078,138718059470.01517,-7614.464802162762,26977.5941530574,0.023024938412432243,-29999.9906815744,15603.991510456617,-6594.18612788856,-4.5473583798516015e+28,1.6111019228205878e+29,4.579660250232773e+28,-5.966998146565148e+34,1.1465812961883522e+27,-4.845407966772514e+26
86946434583.78159,87074652997.36691,-99999960527.00902,-90599988995.86987,52834860171.62535,138652117608.73627,-7628.993827071821,26963.835609297807,0.023068921071061326,-29999.99063972553,15594.272250027332,-6608.766720122453,-4.556035113527292e+28,1.610280262587265e+29,4.588408401034097e+28,-5.966998138241407e+34,1.1458671249320083e+27,-4.8561217859459786e+26
86870144645.51086,87344291353.45988,-99999960296.31981,-90899988902.26714,52990802894.125626,138586029941.53503,-7643.46009655976,26950.086823215068,0.02311271457255386,-29999.990597907054,15584.57283404088,-6623.317568160154,-4.564674369665489e+28,1.609459185082404e+29,4.597118928480963e+28,-5.966998129923713e+34,1.1451544118453239e+27,-4.866813749084081e+26
86793710044.54527,87613792221.69203,-99999960065.19266,-91199988808.2462,53146648622.466034,138519796765.85342,-7657.863834759044,26936.347971590854,0.02315631959256092,-29999.9905561195,15574.893189676248,-6637.838781682652,-4.5732762821181016e+28,1.6086387008634057e+29,4.605791966960367e+28,-5.966998121612168e+34,1.1444431515774107e+27,-4.877483936780412e+26
86717131406.19768,87883155701.40794,-99999959833.62946,-91499988713.80739,53302397554.36279,138453418378.0366,-7672.20526595883,26922.6192291467,0.023199736807189675,-29999.99051436339,15565.23324450101,-6652.330469800085,-4.581840984830613e+28,1.6078188203646412e+29,4.614427650950026e+28,-5.966998113306879e+34,1.1437333388059342e+27,-4.8881324292091024e+26
86640409353.53809,88152381893.69942,-99999959601.63208,-91799988618.95102,53458049886.8078,138386895073.3386,-7686.48461458795,26908.900768556574,0.023242966892952424,-29999.99047263924,15555.592926468826,-6666.792741055921,-4.590368611831924e+28,1.6069995538981988e+29,4.623026115008237e+28,-5.966998105007945e+34,1.1430249682369293e+27,-4.898759306127891e+26
86563544507.39221,88421470901.38498,-99999959369.20241,-92099988523.67741,53613605816.07249,138320227145.92804,-7700.702105198132,26895.192760459482,0.023286010526716285,-29999.990430947557,15545.972163916946,-6681.225703431102,-4.598859297224324e+28,1.6061809116546404e+29,4.631587493763868e+28,-5.966998096715468e+34,1.1423180346046171e+27,-4.909364646881174e+26
86486537486.34023,88690422828.98958,-99999959136.3423,-92399988427.9869,53769065537.711655,138253414888.89374,-7714.857962447453,26881.495373472128,0.02332886838565361,-29999.990389288843,15536.370885563763,-6695.629464348168,-4.607313175173619e+28,1.6053629037037556e+29,4.640111921906502e+28,-5.966998088429551e+34,1.1416125326712253e+27,-4.919948530403034e+26
86409388906.71574,88959237782.7243,-99999958903.05362,-92699988331.87978,53924429246.56729,138186458594.25024,-7728.95241108403,26867.808774201585,0.023371541147193104,-29999.990347663595,15526.789020506381,-6710.004130675357,-4.615730379899383e+28,1.6045455399953187e+29,4.648599534176708e+28,-5.966998080150289e+34,1.1409084572268088e+27,-4.930511035220252e+26
86332099382.6049,89227915870.46632,-99999958669.33821,-92999988235.35641,54079697136.772354,138119358552.94348,-7742.98567592994,26854.133127258025,0.02341402948897164,-29999.9903060723,15517.226498218208,-6724.349808730692,-4.62411104566536e+28,1.6037288303598494e+29,4.657050465356459e+28,-5.966998071877781e+34,1.1402058030890739e+27,-4.941052239455312e+26
86254669525.84561,89496457201.7389,-99999958435.19792,-93299988138.41714,54234869401.75454,138052115054.85617,-7756.95798186537,26840.468595267448,0.023456334088786755,-29999.990264515447,15507.683248546587,-6738.666604286027,-4.632455306769999e+28,1.6029127845093722e+29,4.6654648502596855e+28,-5.966998063612122e+34,1.1395045651032032e+27,-4.951572220829373e+26
86177099946.02696,89764861887.69157,-99999958200.63458,-93599988041.0623,54389946234.240005,137984728388.81332,-7770.869553813001,26826.815338884466,0.02349845562454984,-29999.99022299351,15498.159201710452,-6752.9546225710965,-4.640763297537125e+28,1.6020974120381805e+29,4.673842823722963e+28,-5.966998055353409e+34,1.138804738141684e+27,-4.962071056665241e+26
86099391250.48883,90033130041.08041,-99999957965.65002,-93899987943.29224,54544927826.25711,137917198842.58762,-7784.720616722615,26813.1735168051,0.023540394774240015,-29999.990181506964,15488.654288298,-6767.213968277525,-4.649035152306746e+28,1.6012827224236005e+29,4.682184520596339e+28,-5.966998047101735e+34,1.138106317104137e+27,-4.972548823890325e+26
86021544044.32161,90301261776.24846,-99999957730.24608,-94199987845.1073,54699814369.14009,137849526702.90485,-7798.511395555925,26799.54328577959,0.023582152215858677,-29999.990140056278,15479.168439264406,-6781.44474556283,-4.657271005425999e+28,1.600468725026757e+29,4.690490075734291e+28,-5.966998038857193e+34,1.1374092969171485e+27,-4.983005599039567e+26
85943558930.36604,90569257209.10626,-99999957494.42456,-94499987746.50786,54854606053.53274,137781712255.44922,-7812.242115271641,26785.92480062526,0.023623728627384717,-29999.99009864191,15469.701585929559,-6795.6470580544,-4.665470991240224e+28,1.5996554290933407e+29,4.69875962398682e+28,-5.966998030619875e+34,1.136713672534104e+27,-4.993441458258373e+26
85865436509.21333,90837116457.11252,-99999957258.18727,-94799987647.49428,55009303069.39204,137713755784.86868,-7825.9130008107395,26772.31821423935,0.023665124686730408,-29999.990057264313,15460.253659975828,-6809.821008853463,-4.673635244084174e+28,1.598842843754374e+29,4.706993300190678e+28,-5.966998022389871e+34,1.1360194389350238e+27,-5.003856477305525e+26
85787177379.20523,91104839639.25491,-99999957021.53603,-95099987548.06693,55163905605.9918,137645657574.78015,-7839.524277081976,26758.7236776119,0.023706341071697952,-29999.99001592394,15450.824593445852,-6823.966700539034,-4.681763898273356e+28,1.5980309780269826e+29,4.715191239160722e+28,-5.966998014167271e+34,1.1353265911264012e+27,-5.014250731556082e+26
85708782136.43442,91372426876.03104,-99999956784.47261,-95399987448.22617,55318413851.926254,137577417907.77475,-7853.076168947597,26745.141339838643,0.02374737845993669,-29999.989974621236,15441.414318740366,-6838.084235171845,-4.689857088095505e+28,1.597219840815164e+29,4.723353575681408e+28,-5.966998005952164e+34,1.1346351241410421e+27,-5.0246242960042715e+26
85630251374.74495,91639878289.42943,-99999956546.99883,-95699987347.97238,55472827995.113655,137509037065.42303,-7866.568901209281,26731.5713481339,0.02378823752890095,-29999.98993335664,15432.022768616047,-6852.17371429827,-4.697914947802183e+28,1.5964094409105568e+29,4.731480444498399e+28,-5.966997997744636e+34,1.1339450330379072e+27,-5.0349772452663686e+26
85551585685.73285,91907194002.91077,-99999956309.11646,-95999987247.30595,55627148222.79981,137440515328.28006,-7880.002698594293,26718.013847843482,0.02382891895580857,-29999.98989213058,15422.649876183395,-6866.235238954233,-4.705937611600512e+28,1.5955997869932127e+29,4.739571980310324e+28,-5.966997989544772e+34,1.1332563129019559e+27,-5.04530965358357e+26
85472785658.7469,92174374141.3892,-99999956070.82727,-96299987146.22726,55781374721.561646,137371852975.89052,-7893.377785741852,26704.468982457605,0.023869423417600014,-29999.989850943486,15413.295574904649,-6880.268909669099,-4.713925213645034e+28,1.5947908876323683e+29,4.747628317760643e+28,-5.966997981352659e+34,1.1325689588439936e+27,-5.055621594824854e+26
85393851880.88948,92441418831.21378,-99999955832.13304,-96599987044.7367,55935507677.31069,137303050286.79382,-7906.694387189707,26690.936893623817,0.023909751590898188,-29999.989809795778,15403.959798591712,-6894.274826469567,-4.721877888029694e+28,1.5939827512872145e+29,4.755649591429649e+28,-5.96699797316838e+34,1.131882966000519e+27,-5.065913142489838e+26
85314784937.01758,92708328200.15001,-99999955593.03552,-96899986942.83466,56089547275.29661,137234107538.52913,-7919.952727360935,26677.417721159913,0.023949904151968834,-29999.989768687872,15394.642481404131,-6908.253088883542,-4.729795768779951e+28,1.59317538630767e+29,4.763635935826601e+28,-5.966997964992017e+34,1.1311983295335755e+27,-5.076184369711626e+26
85235585409.74397,92975102377.3616,-99999955353.53648,-97199986840.52153,56243493700.11065,137165025007.64029,-7933.15303055093,26663.911603066852,0.023989881776681567,-29999.98972762018,15385.343557847096,-6922.203795944007,-4.737678989845016e+28,1.5923688009351527e+29,4.771587485381964e+28,-5.966997956823654e+34,1.1305150446306046e+27,-5.086435349259656e+26
85156253879.43846,93241741493.39227,-99999955113.63766,-97499986737.79773,56397347135.68912,137095802969.68085,-7946.295520914623,26650.418675541696,0.02402968514047155,-29999.98968659311,15376.062962769462,-6936.127046192887,-4.745527685090213e+28,1.59156300330335e+29,4.779504374439791e+28,-5.96699794866337e+34,1.1298331065043e+27,-5.0966661535425335e+26
85076790924.22931,93508245680.14769,-99999954873.34082,-97799986634.66367,56551107765.31681,137026441699.21892,-7959.38042245388,26636.939072990503,0.024069314918301755,-29999.98964560706,15366.800631361817,-6950.022937684909,-4.753341988289457e+28,1.590758001438993e+29,4.787386737250219e+28,-5.966997940511244e+34,1.1291525103924663e+27,-5.1068768546108715e+26
84997197120.00478,93774615070.8776,-99999954632.64767,-98099986531.11974,56704775771.63043,136956941469.84207,-7972.407959005129,26623.472928041258,0.024108771784625862,-29999.989604662424,15357.556499154573,-6963.891567991458,-4.761122033117863e+28,1.589953803262624e+29,4.795234707962083e+28,-5.966997932367356e+34,1.128473251557878e+27,-5.117067524160123e+26
84917473040.41472,94040849800.158,-99999954391.55995,-98399986427.16637,56858351336.62198,136887302554.16216,-7985.37835422717,26610.020371556773,0.02414805641335174,-29999.989563759587,15348.330502016091,-6977.733034204429,-4.768867953144466e+28,1.5891504165893706e+29,4.803048420615661e+28,-5.966997924231782e+34,1.1277953252881424e+27,-5.1272382335334144e+26
84837619256.87245,94306950003.87357,-99999954150.07939,-98699986322.80396,57011834641.64214,136817525223.82011,-7998.291831589199,26596.581532647582,0.024187169477805543,-29999.98952289894,15339.122576150845,-6991.547432940085,-4.77657988182507e+28,1.588347849129714e+29,4.810828009135522e+28,-5.966997916104599e+34,1.1271187268955641e+27,-5.137389053724374e+26
84757636338.55656,94572915819.20004,-99999953908.2077,-98999986218.03294,57165225867.40365,136747609749.4907,-8011.148614359019,26583.15653868483,0.0242261116506964,-29999.98948208086,15329.932658097605,-7005.334860342916,-4.784257952495206e+28,1.587546108490258e+29,4.818573607323514e+28,-5.966997907985883e+34,1.126443451717012e+27,-5.1475200553799744e+26
84677524852.41298,94838747384.58688,-99999953665.94658,-99299986112.85376,57318525193.98463,136677556400.88728,-8023.948925591455,26569.74551531315,0.024264883604081685,-29999.989441305715,15320.76068472767,-7019.095412089495,-4.791902298363218e+28,1.5867452021745014e+29,4.826285348851847e+28,-5.966997899875706e+34,1.1257694951137891e+27,-5.1576313088033606e+26
84597285363.15706,95104444839.74002,-99999953423.29774,-99599986007.26682,57471732800.8319,136607365446.76639,-8036.692988116961,26556.348586463515,0.02430348600933287,-29999.989400573882,15311.60659324313,-7032.82918339235,-4.799513052503449e+28,1.5859451375836012e+29,4.833963367256307e+28,-5.966997891774145e+34,1.1250968524715052e+27,-5.167722883956699e+26
84516918433.2759,95370008325.60466,-99999953180.26288,-99899985901.27255,57624848866.764336,136537037154.93246,-8049.381024530422,26542.9658743661,0.024341919537101974,-29999.98935988572,15302.470321175162,-7046.536269003839,-4.807090347849568e+28,1.5851459220171434e+29,4.8416077959295825e+28,-5.96699788368127e+34,1.124425519199951e+27,-5.177794850464021e+26
84436424623.0306,95635437984.34833,-99999952936.84369,-100199985794.87141,57777873569.97609,136466571792.24243,-8062.013257180145,26529.597499563086,0.02438018485728856,-29999.989319241588,15293.351806382367,-7060.216763220033,-4.814634317187983e+28,1.5843475626739076e+29,4.849218768114694e+28,-5.966997875597151e+34,1.1237554907329763e+27,-5.1878472776140796e+26
84355804490.45879,95900733959.34396,-99999952693.04184,-100499985688.06383,57930807088.03991,136395969624.61023,-8074.58990815704,26516.2435809215,0.024418282639007322,-29999.98927864184,15284.250987049138,-7073.870759884617,-4.822145093151384e+28,1.583550066652632e+29,4.856796416898556e+28,-5.966997867521861e+34,1.1230867625283706e+27,-5.1978802343632164e+26
84275058591.37721,96165896395.15318,-99999952448.85901,-100799985580.85025,58083649597.9104,136325230917.01138,-8087.111199283991,26502.904235645972,0.02445621355055623,-29999.989238086822,15275.167801684076,-7087.498352392805,-4.8296228082124e+28,1.5827534409527775e+29,4.864340875205634e+28,-5.966997859455469e+34,1.122419330067746e+27,-5.207893789338233e+26
84194187479.38437,96430925437.50964,-99999952204.29688,-101099985473.23112,58236401275.92724,136254355933.48746,-8099.57735210541,26489.57957929153,0.024493978259385207,-29999.989197576884,15266.102189118443,-7101.099633695272,-4.837067594677351e+28,1.5819576924752903e+29,4.871852275791717e+28,-5.966997851398042e+34,1.1217531888564232e+27,-5.2178880108392855e+26
84113191705.86331,96695821233.30255,-99999951959.35709,-101399985365.2069,58389062297.81842,136183344937.1505,-8111.988587876977,26476.269725776336,0.0245315774320654,-29999.98915711236,15257.054088504648,-7114.674696302106,-4.844479584680131e+28,1.5811628280233628e+29,4.879330751237808e+28,-5.966997843349648e+34,1.1210883344233215e+27,-5.2278629668427875e+26
84032071819.98454,96960583930.56032,-99999951714.0413,-101699985256.77802,58541632838.70347,136112198190.18747,-8124.345127555564,26462.974787394396,0.02456901173425896,-29999.98911669358,15248.023439314793,-7128.223632286785,-4.851858910176184e+28,1.5803688543031934e+29,4.886776433944107e+28,-5.966997835310353e+34,1.120424762320851e+27,-5.2378187250043295e+26
83950828368.70898,97225213678.43427,-99999951468.35118,-101999985147.94495,58694113073.09662,136040915953.86461,-8136.647191789335,26449.694874828274,0.02460628183068939,-29999.989076320882,15239.01018133924,-7141.746533290182,-4.859205702936591e+28,1.5795757779247446e+29,4.89418945612412e+28,-5.966997827280223e+34,1.1197624681248072e+27,-5.247755352661626e+26
83869461896.79109,97489710627.18254,-99999951222.28836,-102299985038.70816,58846503174.91001,135969498488.53171,-8148.895000908028,26436.43009716175,0.024643388385112402,-29999.989035994582,15230.014254685246,-7155.243490524602,-4.866520094542275e+28,1.5787836054024997e+29,4.901569949798856e+28,-5.966997819259322e+34,1.1191014474342718e+27,-5.257672916837477e+26
83787972946.78201,97754074928.15416,-99999950975.85448,-102599984929.0681,58998803317.45686,135897946053.62646,-8161.088774913417,26423.180561892455,0.024680332060287333,-29999.988995715004,15221.035599775632,-7168.714594777848,-4.873802216378293e+28,1.5779923431562176e+29,4.90891804679115e+28,-5.9669978112477145e+34,1.1184416958715135e+27,-5.267571484242763e+26
83706362059.03288,98018306733.77309,-99999950729.05116,-102899984819.02525,59151013673.45462,135826258907.67868,-8173.228733469943,26409.94637494449,0.024717113517949068,-29999.988955482462,15212.074157347504,-7182.159936417332,-4.881052199628251e+28,1.5772019975116852e+29,4.91623387872007e+28,-5.966997803245462e+34,1.1177832090818946e+27,-5.277451121279455e+26
83624629771.69818,98282406197.52254,-99999950481.88002,-103199984708.58008,59303134415.0281,135754437308.31451,-8185.315095895524,26396.727640681005,0.024753733418780483,-29999.988915297265,15203.129868451024,-7195.5796053942195,-4.888270175268807e+28,1.5764125747014698e+29,4.923517576995438e+28,-5.966997795252626e+34,1.1171259827337812e+27,-5.2873118940436725e+26
83542776620.73923,98546373473.92935,-99999950234.34268,-103499984597.73305,59455165713.71261,135682481512.26057,-8197.348081152535,26383.52446191673,0.024790192422385407,-29999.988875159717,15194.202674448237,-7208.973691247634,-4.8954562740642945e+28,1.5756240808656674e+29,4.930769272812457e+28,-5.966997787269268e+34,1.1164700125184564e+27,-5.2971538683287614e+26
83460803139.9277,98810208718.54852,-99999949986.44075,-103799984486.48465,59607107740.45709,135610391775.3481,-8209.327907838957,26370.336939930516,0.024826491187262094,-29999.988835070122,15185.29251701195,-7222.342283108898,-4.902610626561425e+28,1.5748365220526505e+29,4.9379890971464305e+28,-5.966997779295447e+34,1.1158152941500381e+27,-5.306977109628418e+26
83378709860.84932,99073912087.94783,-99999949738.17584,-104099984374.83536,59758960665.62721,135538168352.51701,-8221.254794179697,26357.16517447779,0.024862630370777194,-29999.988795028774,15176.399338124671,-7235.685469705847,-4.909733363084115e+28,1.5740499042198136e+29,4.945177180747584e+28,-5.966997771331223e+34,1.1151618233654009e+27,-5.3167816831398565e+26
83296497312.90752,99337483739.69261,-99999949489.54955,-104399984262.78564,59910724659.00846,135465811497.81996,-8233.128958018073,26344.009263803004,0.02489861062914023,-29999.988755035967,15167.523080077604,-7249.003339367188,-4.916824613728394e+28,1.5732642332343155e+29,4.952333654135992e+28,-5.966997763376654e+34,1.1145095959241024e+27,-5.3265676537670096e+26
83214166023.32733,99600923832.33064,-99999949240.56345,-104699984150.336,60062399889.809235,135393321464.42628,-8244.950616807464,26330.86930465206,0.024934432617378557,-29999.988715091986,15158.663685469714,-7262.2959800269455,-4.923884508357418e+28,1.5724795148738211e+29,4.959458647596595e+28,-5.966997755431796e+34,1.1138586076083145e+27,-5.336335086123799e+26
83131716517.15926,99864232525.37717,-99999948991.21912,-104999984037.48692,60213986526.66393,135320698504.62602,-8256.719987603126,26317.745392284658,0.02497009698931282,-29999.988675197113,15149.821097206845,-7275.563479228965,-4.930913176596587e+28,1.57169575482724e+29,4.96655229117432e+28,-5.966997747496706e+34,1.1132088542227589e+27,-5.346084044537443e+26
83049149317.28322,100127409979.30002,-99999948741.51814,-105299983924.23889,60365484737.636,135247942869.83374,-8268.437287054163,26304.637620486636,0.025005604397532882,-29999.98863535163,15140.995258500929,-7288.805924131509,-4.937910747828746e+28,1.5709129586954619e+29,4.97361471466929e+28,-5.966997739571439e+34,1.1125603315946482e+27,-5.355814593051832e+26
82966464944.41267,100390456355.50488,-99999948491.4621,-105599983810.5924,60516894690.22101,135175054810.59242,-8280.102731395667,26291.546081582266,0.025040955493374248,-29999.98859555581,15132.186112869242,-7302.0234015119395,-4.944877351189493e+28,1.570131131992093e+29,4.980646047632138e+28,-5.9669977316560505e+34,1.1119130355736318e+27,-5.365526795430973e+26
82883663917.09872,100653371816.32071,-99999948241.05254,-105899983696.54796,60668216551.3497,135102034576.5773,-8291.716536441008,26278.4708664465,0.02507615092689494,-29999.98855580992,15123.393604133753,-7315.2159977714955,-4.95181311556257e+28,1.569350280144185e+29,4.987646419359404e+28,-5.966997723750592e+34,1.1112669620317481e+27,-5.375220715162495e+26
82800746751.73431,100916156524.98517,-99999947990.29103,-106199983582.10606,60819450487.39104,135028882416.59958,-8303.278917574286,26265.412064517182,0.02511119134685286,-29999.988516114227,15114.617676420552,-7328.383798940177,-4.958718169575363e+28,1.5685704084929662e+29,4.994615958889034e+28,-5.966997715855119e+34,1.1106221068633822e+27,-5.384896415461242e+26
82717713962.55858,101178810645.63034,-99999947739.17912,-106499983467.26721,60970596664.15524,134955598578.61018,-8314.790089742934,26252.369763807223,0.02514607740068359,-29999.988476468992,15105.858274159355,-7341.5268906817455,-4.96559264159448e+28,1.5677915222945674e+29,5.001554794995966e+28,-5.966997707969682e+34,1.1099784659852293e+27,-5.394553959272946e+26
82634566061.66115,101441334343.26842,-99999947487.71835,-106799983352.0319,61121655246.896835,134882183309.70337,-8326.250267450478,26239.344050916716,0.025180809734478674,-29999.98843687447,15097.115342083101,-7354.645358298845,-4.972436659721426e+28,1.5670136267207463e+29,5.008463056187808e+28,-5.966997700094332e+34,1.1093360353362663e+27,-5.4041934092779916e+26
82551303558.98665,101703727783.77759,-99999947235.91026,-107099983236.40065,61272626400.317665,134808636856.12038,-8337.659664749446,26226.335011045026,0.025215388992964334,-29999.98839733092,15088.38882522766,-7367.739286738265,-4.97925035178837e+28,1.566236726859609e+29,5.015340870700606e+28,-5.96699769222912e+34,1.1086948108777284e+27,-5.413814827895277e+26
82467926962.33916,101965991133.88803,-99999946983.75638,-107399983120.37396,61423510288.56994,134734959463.25299,-8349.018495234426,26213.342728002826,0.02524981581948064,-29999.98835783858,15079.678668931607,-7380.808760596345,-4.9860338453539995e+28,1.565460827716329e+29,5.0221883664947e+28,-5.966997684374094e+34,1.1080547885930945e+27,-5.423418277286194e+26
82384436777.38681,102228124561.16806,-99999946731.25822,-107699983003.95235,61574307075.259254,134661151375.64703,-8360.326972035276,26200.36728422409,0.025284090855961127,-29999.988318397704,15070.984818836141,-7393.853864124541,-4.992787267699467e+28,1.5646859342138627e+29,5.029005671250668e+28,-5.966997676529303e+34,1.1074159644880796e+27,-5.433003819358713e+26
82300833507.66646,102490128234.0103,-99999946478.41731,-107999982887.13632,61725016923.44762,134587212837.00578,-8371.585307810476,26187.40876077804,0.025318214742912827,-29999.98827900853,15062.307220885088,-7406.874681235172,-4.999510745824416e+28,1.5639120511936645e+29,5.035792912365361e+28,-5.966997668694796e+34,1.1067783345906362e+27,-5.4425715157716044e+26
82217117654.58835,102752002321.61807,-99999946225.23517,-108299982769.9264,61875639995.65647,134513144090.19344,-8382.793714740626,26174.46723738105,0.025352188119396758,-29999.98823967129,15053.645821325037,-7419.87129550734,-5.006204406443103e+28,1.5631391834163965e+29,5.042550216948015e+28,-5.966997660870619e+34,1.1061418949509638e+27,-5.452121427938793e+26
82133289717.44095,103013746993.99188,-99999945971.71329,-108599982652.32312,62026176453.86972,134438945377.23836,-8393.952404522099,26161.5427924085,0.02538601162300882,-29999.98820038622,15045.000566705601,-7432.843790193074,-5.012868375980598e+28,1.5623673355626359e+29,5.049277711816455e+28,-5.966997653056819e+34,1.1055066416415275e+27,-5.4616536170338706e+26
82049350193.39572,103275362421.91597,-99999945717.85316,-108899982534.32698,62176626459.53677,134364616939.33643,-8405.061588360813,26148.635502906585,0.025419685889861127,-29999.988161153546,15036.371403879817,-7445.792248223683,-5.019502780569078e+28,1.5615965122335813e+29,5.055975523493378e+28,-5.96699764525344e+34,1.1048725707570889e+27,-5.471168143994762e+26
81965299577.51212,103536848776.94504,-99999945463.65631,-109199982415.93852,62326990173.57557,134290159016.85419,-8416.121476966164,26135.74544460406,0.02545321155456374,-29999.988121973496,15027.758280004682,-7458.716752216357,-5.026107746044193e+28,1.5608267179517546e+29,5.062643778202727e+28,-5.966997637460528e+34,1.104239678414744e+27,-5.480665069528579e+26
81881138362.74245,103798206231.39108,-99999945209.12419,-109499982297.15826,62477267756.37562,134215571849.33202,-8427.132280545085,26122.872691923974,0.02548658925020682,-29999.98808284629,15019.161142541856,-7471.617384481032,-5.032683397941525e+28,1.5600579571616998e+29,5.069282601866136e+28,-5.966997629678126e+34,1.1036079607539756e+27,-5.490144454116662e+26
81796867039.937,104059434958.31032,-99999944954.2583,-109799982177.98672,62627459367.80103,134140855675.48721,-8438.094208796258,26110.01731799532,0.0255198196083432,-29999.98804377214,15010.579939258523,-7484.494227027533,-5.039229861493126e+28,1.5592902342306807e+29,5.075892120099462e+28,-5.966997621906279e+34,1.1029774139367163e+27,-5.499606358019831e+26
81712486097.84903,104320535131.49026,-99999944699.0601,-110099982058.42445,62777565167.19362,134066010733.21693,-8449.007470904437,26097.17939466465,0.025552903258971325,-29999.988004751263,15002.01461822843,-7497.347361573044,-5.04574726162413e+28,1.558523553449373e+29,5.082472458209397e+28,-5.966997614145026e+34,1.102348034147425e+27,-5.5090508412838725e+26
81627996023.13998,104581506925.4369,-99999944443.53107,-110399981938.47197,62927585313.3759,133991037259.6012,-8459.87227553493,26084.35899250764,0.025585840830518614,-29999.987965783865,14993.465127833117,-7510.176869549895,-5.052235722949461e+28,1.5577579190325564e+29,5.089023741190152e+28,-5.966997606394411e+34,1.1017198175931774e+27,-5.5184779637452624e+26
81543397300.38463,104842350515.36198,-99999944187.67265,-110699981818.1298,63077519964.65423,133915935490.9057,-8470.688830828203,26071.556180840613,0.025618632949825217,-29999.98792687015,14984.931416763353,-7522.98283211374,-5.0586953697706035e+28,1.5569933351198015e+29,5.095546093720236e+28,-5.966997598654473e+34,1.1010927605037711e+27,-5.527887785037176e+26
81458690412.07634,105103066077.1704,-99999943931.48633,-110999981697.39851,63227369278.82186,133840705662.58456,-8481.457344394612,26058.77102773199,0.02565128024212814,-29999.987888010328,14976.413434020787,-7535.76533015212,-5.065126326072462e+28,1.5562298057761544e+29,5.102039640159287e+28,-5.966997590925254e+34,1.1004668591318474e+27,-5.5372803645957776e+26
81373875838.6324,105363653787.44771,-99999943674.97353,-111299981576.27861,63377133413.16207,133765348009.28305,-8492.17802330927,26046.00360001372,0.02568378333104577,-29999.987849204586,14967.911128919843,-7548.52444429347,-5.071528715520296e+28,1.5554673349928194e+29,5.108504504545003e+28,-5.966997583206792e+34,1.09984210975303e+27,-5.5466557616668415e+26
81288954058.3993,105624113823.44785,-99999943418.1357,-111599981454.77066,63526812524.45127,133689862764.84012,-8502.851074107051,26033.25396329264,0.02571614283856276,-29999.987810453124,14959.42445108985,-7561.2602549166,-5.077902661456732e+28,1.5547059266878364e+29,5.114940810590132e+28,-5.966997575499126e+34,1.0992185086660821e+27,-5.556014035312718e+26
81203925547.65823,105884446363.08076,-99999943160.97427,-111899981332.8752,63676406768.962166,133614250162.29095,-8513.4767027777,26020.522181961787,0.025748359385015303,-29999.987771756132,14950.953350477474,-7573.972842160703,-5.0842482868988424e+28,1.553945584706758e+29,5.121348681679543e+28,-5.966997567802295e+34,1.0985960521930847e+27,-5.5653552444196845e+26
81118790780.63046,106144651584.90038,-99999942903.49068,-112199981210.59276,63825916302.46694,133538510433.86935,-8524.055114761091,26007.808319211686,0.025780433589076772,-29999.987733113794,14942.497777349421,-7586.662285935922,-5.090565714535324e+28,1.553186312823322e+29,5.12772824086737e+28,-5.966997560116333e+34,1.0979747366796354e+27,-5.5746794477057153e+26
81033550229.48285,106404729668.0925,-99999942645.68634,-112499981087.92389,63975341280.24043,133462643811.01,-8534.586514942599,25995.11243704154,0.025812366067743703,-29999.987694526295,14934.057682295468,-7599.328665934548,-5.09685506672372e+28,1.5524281147401208e+29,5.1340796108742224e+28,-5.96699755244128e+34,1.097354558495071e+27,-5.5839867037287055e+26
80948204364.33342,106664680792.46292,-99999942387.56268,-112799980964.86916,64124681857.063385,133386650524.35065,-8545.071107648595,25982.43459627041,0.025844157436322165,-29999.987655993817,14925.633016231845,-7611.972061642888,-5.103116465487741e+28,1.5516709940892689e+29,5.140402914084478e+28,-5.96699754477717e+34,1.0967355140327159e+27,-5.593277070895194e+26
80862753653.25693,106924505138.42563,-99999942129.12111,-113099980841.4291,64273938187.2257,133310530803.73422,-8555.509096642068,25969.774856548353,0.025875808308414464,-29999.987617516534,14917.22373040498,-7624.592552353885,-5.109350032514644e+28,1.5509149544330676e+29,5.146698272543637e+28,-5.966997537124039e+34,1.0961175997101579e+27,-5.602550607469635e+26
80777198562.29051,107184202886.99112,-99999941870.36302,-113399980717.60426,64423110424.52975,133234284878.21068,-8565.900685118371,25957.133276367458,0.02590731929590621,-29999.987579094617,14908.829776395658,-7637.190217180551,-5.115555889152691e+28,1.5501599992646647e+29,5.152965807955745e+28,-5.966997529481919e+34,1.0955008119695529e+27,-5.611807371584269e+26
80691539555.43933,107443774219.75479,-99999941611.28983,-113699980593.3952,64572198722.2937,133157912976.03888,-8576.246075701074,25944.5099130729,0.025938691008953716,-29999.987540728238,14900.45110612362,-7649.765135070288,-5.121734156408682e+28,1.5494061320087137e+29,5.159205641680894e+28,-5.9669975218508465e+34,1.0948851472779636e+27,-5.621047421249648e+26
80605777094.68233,107703219318.88551,-99999941351.90291,-113999980468.80249,64721203233.354935,133081415324.68817,-8586.545470437952,25931.9048228739,0.025969924055971746,-29999.98750241756,14892.087671852636,-7662.3173848202,-5.127884954945545e+28,1.5486533560220295e+29,5.16541789473278e+28,-5.966997514230853e+34,1.0942706021277316e+27,-5.6302708143658824e+26
80519911639.97795,107962538367.11426,-99999941092.20367,-114299980343.82666,64870124110.07346,133004792150.83997,-8596.79907079708,25919.318060854665,0.0260010190436216,-29999.987464162747,14883.739426196102,-7674.847045093478,-5.134008405080017e+28,1.5479016745942407e+29,5.171602687776336e+28,-5.96699750662197e+34,1.0936571730368895e+27,-5.639477608734688e+26
80433943649.26997,108221731547.72281,-99999940832.19348,-114599980218.46829,65018961504.33543,132928043680.38904,-8607.007077663056,25906.749680985267,0.026031976576799523,-29999.98742596396,14875.406322123208,-7687.354194436979,-5.1401046267803775e+28,1.5471510909484402e+29,5.177760141125425e+28,-5.966997499024231e+34,1.0930448565496132e+27,-5.648667862072292e+26
80347873578.49335,108480799044.53267,-99999940571.87372,-114899980092.72794,65167715567.556656,132851170138.44467,-8617.16969133333,25894.19973613249,0.02606279725862545,-29999.98738782135,14867.088312965723,-7699.8389113001,-5.146173739664265e+28,1.5464016082418324e+29,5.183890374740602e+28,-5.966997491437666e+34,1.0924336492367213e+27,-5.657841632023314e+26
80261701881.58002,108739741041.894,-99999940311.24574,-115199979966.60616,65316386450.68631,132774171749.33167,-8627.287111514654,25881.66827807062,0.026093481690432067,-29999.987349735075,14858.785352425453,-7712.301274055109,-5.152215862996551e+28,1.5456532295663776e+29,5.189993508226938e+28,-5.966997483862306e+34,1.0918235476962222e+27,-5.666998976175694e+26
80175429010.46487,108998557724.6747,-99999940050.31093,-115499979840.1035,65464974304.21056,132697048736.59111,-8637.359537319644,25869.155357492218,0.02612403047175419,-29999.98731170528,14850.497394582446,-7724.741361019058,-5.158231115687291e+28,1.5449059579494354e+29,5.196069660831908e+28,-5.96699747629818e+34,1.0912145485539181e+27,-5.6761399520768035e+26
80089055415.09167,109257249278.24962,-99999939789.07062,-115799979713.22055,65613479278.15639,132619801322.98093,-8647.387167263465,25856.661024018817,0.02615444420031847,-29999.987273732117,14842.224393904005,-7737.159250477461,-5.164219616289742e+28,1.5441597963544038e+29,5.202118951443343e+28,-5.966997468745317e+34,1.0906066484640663e+27,-5.685264617250838e+26
80002581543.41904,109515815888.4898,-99999939527.52617,-116099979585.95787,65761901522.09543,132542429730.47615,-8657.37019926062,25844.18532621162,0.026184723472033388,-29999.987235815723,14833.966305254595,-7749.555020709922,-5.170181482998443e+28,1.543414747681358e+29,5.208141498587441e+28,-5.966997461203747e+34,1.0899998441101076e+27,-5.6943730292176506e+26
79916007841.42644,109774257741.75192,-99999939265.67894,-116399979458.31602,65910241185.14797,132464934180.26906,-8667.308830621858,25831.72831158214,0.026214868880979573,-29999.987197956238,14825.723083906712,-7761.9287500179225,-5.176116833647374e+28,1.5426708147676855e+29,5.214137420426837e+28,-5.966997453673496e+34,1.0893941322054652e+27,-5.703465245513169e+26
79829334753.12022,110032575024.86774,-99999939003.53026,-116699979330.2956,66058498415.98704,132387314892.76888,-8677.203258051195,25819.290026602815,0.02624488101940041,-29999.9871601538,14817.494685552847,-7774.280516755007,-5.182025785708174e+28,1.5419280003887203e+29,5.220106834758741e+28,-5.966997446154591e+34,1.0887895094944232e+27,-5.712541323711579e+26
79742562720.53972,110290767925.13376,-99999938741.08145,-116999979201.89713,66206673362.84257,132309572087.60132,-8687.053677643049,25806.87051671759,0.02627476047769296,-29999.987122408544,14809.281066318612,-7786.610399359635,-5.187908456288429e+28,1.5411863072583747e+29,5.22604985901313e+28,-5.966997438647059e+34,1.0881859727530916e+27,-5.72160132144946e+26
79655692183.76329,110548836630.30093,-99999938478.33385,-117299979073.12122,66354766173.50575,132231705983.60773,-8696.860284879484,25794.469826352477,0.02630450784439915,-29999.9870847206,14801.082182777185,-7798.918476391008,-5.193764962130028e+28,1.54044573802977e+29,5.231966610250991e+28,-5.966997431150927e+34,1.0875835187904675e+27,-5.7306452964521126e+26
79568723580.91449,110806781328.56445,-99999938215.28877,-117599978943.96841,66502776995.33353,132153716798.84381,-8706.623274627576,25782.087998926097,0.026334123706197275,-29999.987047090097,14792.897991965183,-7811.204826568197,-5.199595419607589e+28,1.5397062952958666e+29,5.237857205162638e+28,-5.96699742366622e+34,1.0869821444496016e+27,-5.7396733065623106e+26
79481657348.16821,111064602208.55371,-99999937951.94754,-117899978814.43932,66650705975.25318,132075604750.57812,-8716.34284113689,25769.725076860195,0.026363608647893774,-29999.987009517154,14784.728451400131,-7823.469528812982,-5.205399944726951e+28,1.538967981590091e+29,5.243721760066071e+28,-5.966997416192962e+34,1.0863818466088816e+27,-5.748685409771779e+26
79394493919.75685,111322299459.32231,-99999937688.31145,-118199978684.53448,66798553259.76718,131997370055.29,-8726.019178037064,25757.381101590156,0.026392963252415285,-29999.986972001898,14776.573519099693,-7835.7126622968235,-5.211178653123735e+28,1.5382307993869642e+29,5.2495603909054e+28,-5.966997408731177e+34,1.0857826221834455e+27,-5.7576816642557055e+26
79307233727.97649,111579873270.33821,-99999937424.38182,-118499978554.2545,66946318994.958176,131919012928.66702,-8735.65247833553,25745.056113575498,0.026422188100800978,-29999.986934544446,14768.43315360285,-7847.93430649247,-5.21693166006198e+28,1.5374947511027288e+29,5.255373213249314e+28,-5.96699740128089e+34,1.0851844681267374e+27,-5.7666621284106665e+26
79219877203.19313,111837323831.47397,-99999937160.15994,-118799978423.59995,67094003326.4942,131840533585.6021,-8745.242934415326,25732.750152310386,0.02645128377219517,-29999.98689714491,14760.307313993251,-7860.134541230782,-5.222659080432833e+28,1.5367598390959763e+29,5.261160342289619e+28,-5.966997393842122e+34,1.084587381432224e+27,-5.775626860896379e+26
79132424773.84898,112094651332.99707,-99999936895.64711,-119099978292.5714,67241606399.63413,131761932240.18979,-8754.790738033047,25720.46325633414,0.026480250843840203,-29999.986859803408,14752.195959924984,-7872.313446763416,-5.228361028753336e+28,1.536026065668275e+29,5.266921892839816e+28,-5.966997386414898e+34,1.0839913591352878e+27,-5.784575920681758e+26
79044876866.46866,112351855965.56041,-99999936630.8446,-119399978161.16943,67389128359.23338,131683209105.72215,-8764.296080316914,25708.195463241773,0.026509089891069575,-29999.986822520048,14744.09905165102,-7884.471103832109,-5.2340376191652614e+28,1.5352934330647988e+29,5.272657979333738e+28,-5.966997378999237e+34,1.0833963983153168e+27,-5.7935093670958334e+26
78957233905.6655,112608937920.19283,-99999936365.75371,-119699978029.39464,67536569349.74989,131604364394.68384,-8773.759151764956,25695.946809694546,0.026537801487301355,-29999.986785294936,14736.016550054661,-7896.607593745425,-5.239688965434032e+28,1.5345619434749583e+29,5.278368715824239e+28,-5.9669973715951625e+34,1.0828024960980164e+27,-5.8024272598841385e+26
78869496314.14784,112865897388.28976,-99999936100.37569,-119999977897.24759,67683929515.25044,131525398318.74638,-8783.180142243335,25683.71733143057,0.026566386204031834,-29999.986748128176,14727.948416684347,-7908.722998463951,-5.245315180947719e+28,1.5338315990330336e+29,5.284054215981932e+28,-5.966997364202694e+34,1.0822096496579658e+27,-5.811329659271311e+26
78781664512.7254,113122734561.60406,-99999935834.71182,-120299977764.72887,67831208999.41729,131446311088.76175,-8792.559240984787,25671.507063275465,0.026594844610829452,-29999.986711019872,14719.894613792201,-7920.817400695064,-5.250916378716115e+28,1.5331024018188108e+29,5.289714593093978e+28,-5.966997356821852e+34,1.081617856221451e+27,-5.820216626030733e+26
78693738920.31555,113379449632.23682,-99999935568.76338,-120599977631.83907,67978407945.555214,131367102914.75479,-8801.896636587211,25659.31603915309,0.02662317727532896,-29999.98667397012,14711.855104376791,-7932.890883998592,-5.256492671369883e+28,1.5323743538582227e+29,5.29534996006293e+28,-5.966997349452657e+34,1.0810271130696065e+27,-5.829088221562165e+26
78605719953.94968,113636042792.62834,-99999935302.53162,-120899977498.57877,68125526496.59898,131287774005.91481,-8811.192517012387,25647.144292096345,0.026651384763225816,-29999.986636979018,14703.82985223061,-7944.943532904869,-5.262044171159797e+28,1.5316474571239939e+29,5.300960429405614e+28,-5.966997342095127e+34,1.0804374175419053e+27,-5.837944507978498e+26
78517608028.77956,113892514235.5493,-99999935036.01776,-121199977364.94856,68272564795.12129,131208324570.58575,-8820.447069584845,25634.991854258114,0.02667946763827086,-29999.986600046657,14695.818821992878,-7956.975433046976,-5.26757098995607e+28,1.5309217135362947e+29,5.306546113252074e+28,-5.96699733474928e+34,1.0798487670400366e+27,-5.846785548202918e+26
78429403558.08371,114148864154.09189,-99999934769.22308,-121499977230.94904,68419522983.341225,131128754816.25528,-8829.660480990893,25622.858756922316,0.026707426462265194,-29999.98656317313,14687.82197920833,-7968.986671309182,-5.273073239247762e+28,1.5301971249634009e+29,5.3121071233445465e+28,-5.966997327415135e+34,1.079261159032228e+27,-5.855611406077987e+26
78341106953.2738,114405092741.66112,-99999934502.14882,-121799977096.58076,68566401203.13331,131049064949.54219,-8838.832937277795,25610.74503051514,0.026735261795055313,-29999.986526358527,14679.839290392778,-7980.977335994033,-5.278551030142299e+28,1.5294736932223642e+29,5.317643571036501e+28,-5.966997320092711e+34,1.0786745910580613e+27,-5.864422146488415e+26
78252718623.90103,114661200191.96626,-99999934234.7962,-122099976961.84435,68713199596.03724,130969255176.18225,-8847.964623853128,25598.65070461647,0.02676297419452846,-29999.98648960293,14671.870723106334,-7992.9475170108535,-5.284004473365088e+28,1.5287514200796957e+29,5.32315556729171e+28,-5.966997312782022e+34,1.0780890607338535e+27,-5.8732178354995747e+26
78164238977.6625,114917186699.01242,-99999933967.16646,-122399976826.74037,68859918303.2683,130889325701.01215,-8857.05572548432,25586.57580797156,0.02679056421660823,-29999.98645290642,14663.916246035305,-8004.897306089012,-5.289433679259236e+28,1.5280303072520617e+29,5.328643222683377e+28,-5.966997305483087e+34,1.0775045657586743e+27,-5.881998540514206e+26
78075668420.40767,115173052457.09213,-99999933699.26082,-122699976691.26944,69006557465.72865,130809276727.95126,-8866.10642629839,25574.520368502992,0.02681803241525036,-29999.986416269083,14655.975829083947,-8016.826797019822,-5.2948387577853985e+28,1.5273103564069987e+29,5.334106647393296e+28,-5.96699729819592e+34,1.0769211039210885e+27,-5.890764330450165e+26
77987007356.14468,115428797660.77716,-99999933431.08049,-122999976555.43213,69153117224.01949,130729108459.98106,-8875.11690978188,25562.484413322974,0.02684537934243878,-29999.986379690992,14648.049443477448,-8028.736085931705,-5.300219818521739e+28,1.5265915691636481e+29,5.339545951211073e+28,-5.966997290920538e+34,1.0763386731067229e+27,-5.8995152759426164e+26
77898256187.04686,115684422504.91039,-99999933162.6267,-123299976419.22903,69299597718.45425,130648821099.12175,-8884.08735878105,25550.467968746074,0.026872605548181862,-29999.986343172226,14640.137061877684,-8040.625271604105,-5.305576970664043e+28,1.5258739470935157e+29,5.344961243533372e+28,-5.966997283656956e+34,1.0757572713067721e+27,-5.908251449574696e+26
77809415313.45905,115939927184.59784,-99999932893.90063,-123599976282.66075,69445999089.07303,130568414846.40572,-8893.017955502286,25538.471060302418,0.02689971158050887,-29999.986306712857,14632.238658513592,-8052.494455826687,-5.310910323025965e+28,1.5251574917212604e+29,5.350352633363214e+28,-5.966997276405187e+34,1.0751768966275786e+27,-5.9169729261414495e+26
77720485133.90402,116195311895.20087,-99999932624.90352,-123899976145.72787,69592321475.65816,130487889901.84744,-8901.908881512822,25526.493712751497,0.026926697985466663,-29999.986270312955,14624.35420932826,-8064.343743811634,-5.316219984039457e+28,1.5244422045255194e+29,5.355720229309319e+28,-5.966997269165246e+34,1.0745975473014405e+27,-5.925679782952789e+26
77631466045.0889,116450576832.32838,-99999932355.63654,-124199976008.431,69738565017.75143,130407246464.40933,-8910.76031774173,25514.53595009668,0.026953565307116564,-29999.986233972588,14616.483692145188,-8076.173244668458,-5.3215060617553616e+28,1.523728086939774e+29,5.361064139585484e+28,-5.966997261937148e+34,1.0740192216988283e+27,-5.9343721001823826e+26
77542358441.91148,116705722191.82935,-99999932086.10088,-124499975870.77072,69884729854.67288,130326484731.96265,-8919.57244448128,25502.597795600566,0.02698031408753145,-29999.986197691822,14608.62708685657,-8087.983071952642,-5.326768663844221e+28,1.5230151403532659e+29,5.366384472010005e+28,-5.966997254720903e+34,1.0734419183422207e+27,-5.943049961270801e+26
77453162717.46667,116960748169.78535,-99999931816.29773,-124799975732.74763,70030816125.54144,130245604901.24312,-8928.345441388665,25490.67927180135,0.027006944866793045,-29999.98616147072,14600.784375636917,-8099.773344301862,-5.3320078975973105e+28,1.5223033661119766e+29,5.371681334005137e+28,-5.966997247516525e+34,1.0728656359218006e+27,-5.951713453393008e+26
77363879263.0528,117215654962.50337,-99999931546.22829,-125099975594.36234,70176823969.2978,130164607167.8001,-8937.079487488141,25478.780400530417,0.027033458182989415,-29999.98612530934,14592.955543185899,-8111.54418617651,-5.337223869927918e+28,1.5215927655196766e+29,5.376954832596594e+28,-5.966997240324027e+34,1.0722903733132998e+27,-5.9603626680024995e+26
77274508468.17792,117470442766.50868,-99999931275.8937,-125399975455.61543,70322753524.72966,130083491725.93832,-8945.774761173676,25466.901202931404,0.027059854572212636,-29999.986089207745,14585.140577004928,-8123.295728724947,-5.34241668737292e+28,1.5208833398390635e+29,5.382205074413093e+28,-5.96699723314342e+34,1.0717161295983221e+27,-5.968997701467091e+26
77185050720.56618,117725111778.538,-99999931005.29517,-125699975316.5075,70468604930.49971,130002258768.65108,-8954.431440212109,25455.041699481037,0.027086134568556686,-29999.98605316599,14577.339467712729,-8135.028110798636,-5.347586456094672e+28,1.5201750902930075e+29,5.3874321656859245e+28,-5.9669972259747155e+34,1.0711429040875312e+27,-5.977618655814837e+26
77095506406.16406,117979662195.5328,-99999930734.43382,-125999975177.03917,70614378325.17683,129920908487.54309,-8963.049701746953,25443.201910012147,0.027112298704115495,-29999.98601718413,14569.552209406065,-8146.741480148184,-5.3527332818832805e+28,1.5194680180659254e+29,5.392636212248572e+28,-5.966997218817923e+34,1.0705706963471576e+27,-5.986225639612885e+26
77005875909.14659,118234094214.63293,-99999930463.31084,-126299975037.21101,70760073847.27089,129839441072.74161,-8971.629722302894,25431.38185373931,0.0271383475089812,-29999.985981262213,14561.778800072754,-8158.435994838872,-5.357857270159289e+28,1.5187621243053117e+29,5.397817319536361e+28,-5.9669972116730535e+34,1.069999506229346e+27,-5.994818769007603e+26
76916159611.92357,118488408033.17033,-99999930191.92737,-126599974897.02364,70905691635.27162,129757856712.79321,-8980.171677791088,25419.58154928772,0.027164281511242578,-29999.985945400294,14554.019242065266,-8170.11182493384,-5.362958525976838e+28,1.5180574101234627e+29,5.402975592586149e+28,-5.966997204540118e+34,1.0694293339069557e+27,-6.0033981689613855e+26
76826357895.14566,118742603848.66321,-99999929920.28455,-126899974756.47765,71051231827.69228,129676155594.54387,-8988.675743515394,25407.801014726043,0.027190101236983653,-29999.985909598417,14546.2735426445,-8181.769154505499,-5.368037154027394e+28,1.5173538765994394e+29,5.408111136036048e+28,-5.966997197419125e+34,1.0688601799135178e+27,-6.01196397473064e+26
76736471137.71051,118996681858.81047,-99999929648.38353,-127199974615.57362,71196694563.11871,129594337902.99881,-8997.14209417966,25396.0402676042,0.02721580721028248,-29999.98587385663,14538.541714604718,-8193.408184051765,-5.373093258644093e+28,1.5166515247813228e+29,5.413224054125185e+28,-5.966997190310083e+34,1.0682920451891546e+27,-6.020516333641237e+26
76646499716.7687,119250642261.48651,-99999929376.22546,-127499974474.3122,71342079980.26476,129512403821.1583,-9005.57090389622,25384.299324997235,0.027241399953210114,-29999.985838174973,14530.823776992102,-8205.029133414655,-5.3781269438068225e+28,1.515950355688835e+29,5.418314450693492e+28,-5.966997183213002e+34,1.0677249311333796e+27,-6.0290554072330884e+26
76556444007.72975,119504485254.73648,-99999929103.81146,-127799974332.69394,71487388218.03468,129430353529.82414,-9013.962346195758,25372.57820355689,0.027266879985829735,-29999.98580255349,14523.119755930815,-8216.63224532634,-5.383138313148107e+28,1.5152503703164174e+29,5.423382429181534e+28,-5.966997176127889e+34,1.0671588396657962e+27,-6.037581373865794e+26
76466304384.26779,119758211036.77205,-99999928831.14267,-128099974190.71947,71632619415.594,129348187207.37088,-9022.316594038757,25360.87691957278,0.02729224782619594,-29999.985766992213,14515.429685571638,-8228.21778974421,-5.388127469959946e+28,1.5145515696368865e+29,5.428428092630373e+28,-5.966997169054751e+34,1.066593773295804e+27,-6.0460944319040455e+26
76376081218.32741,120011819805.96777,-99999928558.22018,-128399974048.38939,71777773712.4497,129265905029.47343,-9030.633819828689,25349.19548904584,0.027317503990354226,-29999.985731491186,14507.753609178724,-8239.786069185357,-5.393094517201693e+28,1.5138539546058177e+29,5.433451543681455e+28,-5.966997161993597e+34,1.0660297352024526e+27,-6.0545948036374e+26
76285774880.12912,120265311760.85823,-99999928285.04515,-128699973905.7043,71922851248.54149,129183507168.78159,-9038.91419542714,25337.533927777386,0.02734264899234059,-29999.985696050444,14500.091580369239,-8251.33742533662,-5.398039557509088e+28,1.5131575261668655e+29,5.438452884576543e+28,-5.966997154944433e+34,1.0654667293255316e+27,-6.0630827401373484e+26
76195385738.17485,120518687100.136,-99999928011.61867,-128999973762.66481,72067852164.34518,129100993794.52821,-9047.157892171015,25325.89225147831,0.027367683344181326,-29999.985660670016,14492.443664517281,-8262.872247305908,-5.402962693204531e+28,1.5124622852582848e+29,5.443432217157666e+28,-5.966997147907265e+34,1.0649047604687298e+27,-6.071558527320381e+26
76104914159.25314,120771946022.65079,-99999927737.94183,-129299973619.27151,72212776600.99036,129018365072.05516,-9055.365080891854,25314.270475904435,0.02739260755589297,-29999.985625349935,14484.809940325536,-8274.39098200346,-5.407864026308615e+28,1.511768232821013e+29,5.448389642867111e+28,-5.9669971408821015e+34,1.0643438344151204e+27,-6.080022493576143e+26
76014360508.44423,121025088727.40984,-99999927464.01576,-129599973475.52501,72357624700.39362,128935621162.23512,-9063.53593193711,25302.66861702611,0.027417422135482383,-29999.98559009023,14477.190501552013,-8285.89414731248,-5.412743658552842e+28,1.5110753698087993e+29,5.453325262747445e+28,-5.966997133868946e+34,1.0637839580540419e+27,-6.0884750194452096e+26
75923725149.12486,121278115413.5801,-99999927189.84154,-129899973331.42592,72502396605.40913,128852762220.762,-9071.670615192852,25291.08669124314,0.027442127588947002,-29999.985554890925,14469.585458848742,-8297.382348947966,-5.417601691393171e+28,1.5103836972010405e+29,5.458239177441558e+28,-5.966997126867805e+34,1.0632251395162055e+27,-6.096916550006965e+26
75833008442.97293,121531026280.49252,-99999926915.42026,-130199973186.97482,72647092459.99762,128769788397.2725,-9079.769300106687,25279.524715660275,0.027466724420275233,-29999.98551975205,14461.994941613744,-8308.856302242164,-5.422438226023714e+28,1.5096932160192316e+29,5.463131487192744e+28,-5.966997119878682e+34,1.0626673883097779e+27,-6.105347610887542e+26
75742210749.97186,121783821527.64912,-99999926640.753,-130499973042.17235,72791712409.41376,128686699834.25009,-9087.832155708445,25267.98270844447,0.027491213131446986,-29999.985484673623,14454.419099657904,-8320.316860582054,-5.427253363389084e+28,1.5090039273483038e+29,5.468002291844805e+28,-5.966997112901584e+34,1.0621107154428627e+27,-6.113768829155693e+26
75651332428.41478,122036501354.73357,-99999926365.84088,-130799972897.01909,72936256600.41034,128603496665.64427,-9095.859350624016,25256.46068929388,0.02751559422243436,-29999.98544965567,14446.858104310919,-8331.76505293108,-5.432047204192663e+28,1.5083158323646305e+29,5.472851690842194e+28,-5.966997105936512e+34,1.0615551335047662e+27,-6.122180960893757e+26
75560373834.90854,122289065961.62651,-99999926090.68494,-131099972751.51564,73080725181.45345,128520179015.11496,-9103.851053073817,25244.95868006124,0.027539868191202462,-29999.985414698203,14439.312148274603,-8343.20213390503,-5.436819848895684e+28,1.5076289323732574e+29,5.477679783230169e+28,-5.966997098983472e+34,1.0610006566552178e+27,-6.130584927993416e+26
75469335324.3778,122541515548.42712,-99999925815.28625,-131399972605.66263,73225118302.93619,128436746993.77591,-9111.807430840425,25233.47670559334,0.02756403553371037,-29999.98537980125,14431.781442966327,-8354.62965141341,-5.441571397697902e+28,1.5069432288580344e+29,5.482486667654993e+28,-5.966997092042468e+34,1.0604473004291657e+27,-6.138981867858574e+26
75378217250.0694,122793850315.48306,-99999925539.6459,-131699972459.46065,73369436117.36584,128353200697.26178,-9119.72865117734,25222.014794876675,0.027588096743912233,-29999.985344964814,14424.266211074015,-8366.049539191985,-5.4463019504831075e+28,1.506258723550035e+29,5.487272442364143e+28,-5.966997085113502e+34,1.0598950811897185e+27,-6.1473732013982706e+26
75287019963.55762,123046070463.43182,-99999925263.76494,-131999972312.9103,73513678779.47658,128269540201.86986,-9127.614880607847,25210.57298262261,0.027612052313758486,-29999.98531018892,14416.766670175679,-8377.46424505916,-5.451011606699006e+28,1.5055754185222223e+29,5.4920372052065625e+28,-5.966997078196576e+34,1.0593440149245089e+27,-6.155760727269471e+26
75195743814.75154,123298176193.25806,-99999924987.64441,-132299972166.01218,73657846446.17833,128185765559.41927,-9135.466284520255,25199.15131149107,0.02763590273319722,-29999.985275473573,14409.282999806313,-8388.876911073794,-5.455700465115496e+28,1.5048933163222469e+29,5.496781053632927e+28,-5.966997071291693e+34,1.0587941148257678e+27,-6.164146754257023e+26
75104389151.90634,123550167706.37297,-99999924711.28539,-132599972018.7669,73801939276.17639,128101876790.30853,-9143.283026385103,25187.749835252012,0.027659648490175662,-29999.985240818787,14401.81527779687,-8400.291629913389,-5.460368623357184e+28,1.5042124201612502e+29,5.501504084695939e+28,-5.966997064398857e+34,1.0582453866125139e+27,-6.172534289660358e+26
75012956321.64249,123802045204.7255,-99999924434.6889,-132899971871.1751,73945957428.95436,128017873874.0094,-9151.06526626454,25176.3686233344,0.027683290070641797,-29999.98520622457,14394.363359082494,-8411.713814026563,-5.465016177013184e+28,1.5035327341855305e+29,5.506206395050653e+28,-5.966997057518066e+34,1.0576978196253816e+27,-6.180927310546718e+26
74921445668.97984,124053808890.95883,-99999924157.856,-133199971723.23734,74089901062.54518,127933756735.86914,-9158.813157979292,25165.00776742958,0.02770682795854609,-29999.985171690925,14386.926645403297,-8423.150731757687,-5.469643217945233e+28,1.5028542638708945e+29,5.510888080954817e+28,-5.966997050649324e+34,1.0571513699042342e+27,-6.1893311576955486e+26
74829857537.40005,124305458968.63313,-99999923880.78772,-133499971574.95424,74233770328.99922,127849525228.55156,-9166.52684369062,25153.667391095398,0.027730262635843352,-29999.985137217864,14379.503644910686,-8434.612287359343,-5.474249831052039e+28,1.5021770165962173e+29,5.515549238269243e+28,-5.966997043792633e+34,1.0566059278280372e+27,-6.197753108751645e+26
74738192268.96315,124556995642.54408,-99999923603.48509,-133799971426.32642,74377565365.44833,127765179105.67796,-9174.206443430627,25142.34766354722,0.027753594582494715,-29999.985102805385,14372.091121200261,-8446.112141292333,-5.478836088016771e+28,1.5015010024670401e+29,5.5201899624581985e+28,-5.96699703694799e+34,1.0560612555857951e+27,-6.206203201421606e+26
74646450204.52884,124808419119.17955,-99999923325.94914,-134099971277.35448,74521286276.66034,127680717984.26505,-9181.852034667154,25131.0488185572,0.02777682427646972,-29999.98506845349,14364.682432417707,-8457.669245699717,-5.483402035103225e+28,1.500826235444236e+29,5.524810348589827e+28,-5.9669970301153985e+34,1.0555168651340531e+27,-6.214695361740152e+26
74554631684.18217,125059729607.36513,-99999923048.1809,-134399971128.03902,74664933100.98451,127596141291.80804,-9189.463612332456,25119.771176948438,0.027799952193748527,-29999.985034162182,14357.264282576158,-8469.309672055235,-5.487947669284943e+28,1.5001527346873609e+29,5.5294104913365815e+28,-5.966997023294858e+34,1.054971779483696e+27,-6.223248747026187e+26
74462737048.05885,125310927319.13461,-99999922770.18137,-134699970978.38065,74808505743.81027,127511448195.0875,-9197.041012285636,25108.51516128776,0.027822978808324232,-29999.984999931457,14349.810500993573,-8481.067804767243,-5.492472892536982e+28,1.4994805254321052e+29,5.5339904849756895e+28,-5.966997016486367e+34,1.0544240756130077e+27,-6.23188862294297e+26
74370766637.93599,125562012470.7475,-99999922491.95158,-134999970828.37996,74952003848.8202,127426637517.03983,-9204.583776478803,25097.281259809144,0.0278459045922053,-29999.984965761312,14342.27108376653,-8492.983408568953,-5.496977431313141e+28,1.4988096368358022e+29,5.538550423389634e+28,-5.966997009689925e+34,1.0538700792351647e+27,-6.240644208616467e+26
74278720800.1712,125812985283.3456,-99999922213.49254,-135299970678.03757,75095426559.65787,127341707682.95413,-9212.090972936701,25086.06981877053,0.027868730015418113,-29999.984931651743,14334.557562757933,-8505.08475203992,-5.501460729037798e+28,1.4981400895769762e+29,5.543090400066662e+28,-5.966997002905531e+34,1.053303289711453e+27,-6.249536275798933e+26
74186599890.44183,126063845981.5333,-99999921934.80524,-135599970527.35408,75238772135.28545,127256656835.43373,-9219.561181922294,25074.88045285988,0.02789145554600963,-29999.984897602742,14326.541881149758,-8517.340688535322,-5.505921937843994e+28,1.4974718606447922e+29,5.547610508101315e+28,-5.966996996133185e+34,1.0527142974268842e+27,-6.258541937935754e+26
74094404278.6226,126314594786.06189,-99999921655.89069,-135899970376.33011,75382037554.09694,127171483428.54837,-9226.99329426038,25063.711172501506,0.027914081650050184,-29999.984863614303,14318.121276173928,-8529.589728525154,-5.510360395332299e+28,1.49680483122179e+29,5.552110840194982e+28,-5.966996989372885e+34,1.0520955513732602e+27,-6.267542532520284e+26
74002134345.68001,126565231897.78691,-99999921376.74986,-136199970224.96625,75525218766.85867,127086187531.26312,-9234.388351795566,25052.55865685667,0.027936608791636442,-29999.98482968642,14309.367860075241,-8541.562226884871,-5.514776723692312e+28,1.4961388029874804e+29,5.556591488656488e+28,-5.9669969826246285e+34,1.0514523503583287e+27,-6.276339924315003e+26
73909790462.16205,126815757484.35548,-99999921097.38377,-136499970073.2631,75668312445.45943,127000771908.99428,-9241.749909845801,25041.420850942617,0.02795903743289448,-29999.984795819077,14300.558078008975,-8553.091460165188,-5.519173046159913e+28,1.4954736532182932e+29,5.561052545402711e+28,-5.966996975888414e+34,1.0508050075720994e+27,-6.28481160492938e+26
73817372963.06358,127066171692.86491,-99999920817.7934,-136799969921.2213,75811318026.23952,126915240994.39262,-9249.081271329018,25030.298499521592,0.02798136803398293,-29999.984762012264,14291.947914874032,-8564.238291109059,-5.52355133523769e+28,1.4948094263914296e+29,5.565494101959204e+28,-5.966996969164239e+34,1.0501723327849439e+27,-6.293002296306937e+26
73724882150.3503,127316474677.86012,-99999920537.97972,-137099969768.84142,75954237505.38826,126829598611.48154,-9256.383648998633,25019.193515818955,0.028003601053096093,-29999.984728265965,14283.623533094757,-8575.158587656606,-5.527912315181984e+28,1.4941462367647082e+29,5.569916249460813e+28,-5.9669969624521e+34,1.0495606572118026e+27,-6.301026530210074e+26
73632318313.8603,127566666613.01831,-99999920257.94371,-137399969616.12407,76097073740.71921,126743847025.60497,-9263.656853372488,25008.107378560395,0.028025736946466984,-29999.98469458017,14275.557183148569,-8585.972943550727,-5.53225587283405e+28,1.493484172647627e+29,5.574319078652283e+28,-5.966996955751996e+34,1.0489679418177567e+27,-6.308972918921074e+26
73539681745.32658,127816747686.80391,-99999919977.68634,-137699969463.0699,76239829312.55069,126657987296.16946,-9270.90031890741,24997.04087625476,0.02804777616837052,-29999.984660954855,14267.690604602356,-8596.745894735632,-5.5365816704515055e+28,1.4928232811299342e+29,5.578702679888896e+28,-5.96699694906392e+34,1.0483899056261811e+27,-6.316888883451742e+26
73446972742.13751,128066718095.56645,-99999919697.20857,-137999969309.67944,76382506218.59671,126572019837.2221,-9278.113553333704,24985.99435374562,0.028069719171126842,-29999.984627390008,14259.971545150698,-8607.505957057305,-5.540889414050889e+28,1.4921635828056886e+29,5.583067143137128e+28,-5.966996942387872e+34,1.0478227091376733e+27,-6.324795377245708e+26
73354191606.60417,128316578039.10391,-99999919416.51138,-138299969155.95334,76525105934.04822,126485944777.65154,-9285.296229407253,24974.967934935386,0.02809156640510479,-29999.984593885605,14252.361217566295,-8618.263727419611,-5.545178908202012e+28,1.4915050850743414e+29,5.587412557975342e+28,-5.966996935723846e+34,1.0472635022667713e+27,-6.33270018690793e+26
73261338644.3101,128566327718.45326,-99999919135.59572,-138599969001.89218,76667629546.22388,126399762140.37733,-9292.448162587734,24963.96164558182,0.028113318318725454,-29999.98456044163,14244.83248542595,-8629.021863449254,-5.549450042697395e+28,1.4908477894741464e+29,5.591739013594493e+28,-5.96699692907184e+34,1.0467102910290988e+27,-6.340605265262511e+26
73168414162.68423,128815967334.90909,-99999918854.46254,-138899968847.4966,76810077871.07814,126313471921.74284,-9299.569270918622,24952.97547133744,0.028134975358465864,-29999.984527058055,14237.366602306634,-8639.779800106444,-5.553702768592602e+28,1.490191695148272e+29,5.59604659879886e+28,-5.9669969224318465e+34,1.0461616979374914e+27,-6.348510197118215e+26
73075418469.97505,129065497089.62247,-99999918573.1128,-139199968692.76718,76952451537.10121,126227074123.74178,-9306.659542067353,24942.00938344734,0.02815653796886272,-29999.984493734864,14229.950532911878,-8650.535837779074,-5.557937078522624e+28,1.4895368003794753e+29,5.600335402006795e+28,-5.966996915803864e+34,1.0456167651583647e+27,-6.356413733600063e+26
72982351874.55438,129314917183.45694,-99999918291.54741,-139499968537.70453,77094751042.43033,126140568765.36398,-9313.719010284756,24931.063349629665,0.02817800659251624,-29999.984460472027,14222.5750803735,-8661.288026113985,-5.562152992942057e+28,1.4888831032398837e+29,5.6046055112514796e+28,-5.966996909187886e+34,1.0450748169058448e+27,-6.364314441588556e+26
72889214684.45154,129564227816.95323,-99999918009.76735,-139799968382.30923,77236976793.23407,126053955885.10284,-9320.74774108564,24920.137338392382,0.028199381670094056,-29999.98442726952,14215.233641078461,-8672.034514401514,-5.566350550976345e+28,1.4882306018487931e+29,5.6088570141817075e+28,-5.966996902583907e+34,1.0445353679464453e+27,-6.372210961182232e+26
72796007207.04068,129813429190.33716,-99999917727.77353,-140099968226.58194,77379129129.64485,125967235539.95883,-9327.745821179693,24909.231320503168,0.028220663640335215,-29999.98439412731,14207.921386206635,-8682.773670582284,-5.570529804408513e+28,1.4875792944604492e+29,5.613089998062674e+28,-5.966996895991922e+34,1.0439980634584635e+27,-6.380102093143863e+26
72702729748.82889,130062521503.54219,-99999917445.5669,-140399968070.52322,77521208343.50691,125880407803.253,-9334.713351822238,24898.345269262474,0.02824185294005423,-29999.984361045375,14200.634721211487,-8693.504102989944,-5.574690813708241e+28,1.486929179480355e+29,5.617304549776786e+28,-5.966996889411925e+34,1.04346263931462e+27,-6.387986814877011e+26
72609382615.31067,130311504956.23482,-99999917163.14836,-140699967914.13367,77663214690.71902,125793472762.22311,-9341.650444370864,24887.479160307437,0.028262950004145217,-29999.984328023682,14193.370924578576,-8704.224643967491,-5.57883364537828e+28,1.4862802554535602e+29,5.621500755824483e+28,-5.96699688284391e+34,1.0429288955380337e+27,-6.395864268387312e+26
72515966110.86696,130560379747.83789,-99999916880.51886,-140999967757.4139,77805148399.96481,125706430515.78343,-9348.557217271406,24876.632971263258,0.028283955265586108,-29999.9842950622,14186.127902750963,-8714.93432109132,-5.582958370154484e+28,1.4856325210438419e+29,5.625678702325076e+28,-5.9669968762878715e+34,1.0423966782941407e+27,-6.403733739137901e+26
72422480538.69424,130809146077.55052,-99999916597.6793,-141299967600.36453,77947009678.99232,125619281172.57253,-9355.433793980517,24865.806681375227,0.028304869155442912,-29999.9842621609,14178.904021172742,-8725.632326826784,-5.587065061765165e+28,1.4849859750117285e+29,5.629838475017595e+28,-5.966996869743802e+34,1.041865867475773e+27,-6.41159463375232e+26
72328926200.75444,131057804144.36427,-99999916314.63062,-141599967442.98615,78088798719.20406,125532024849.30426,-9362.280301510677,24855.000271172936,0.02832569210287407,-29999.98422931974,14171.697985918669,-8736.317990801745,-5.5911537960621765e+28,1.4843406161944479e+29,5.633980159261652e+28,-5.966996863211696e+34,1.0413363680053038e+27,-6.419446459641122e+26
72235303397.73933,131306354147.076,-99999916031.37369,-141899967285.27933,78230515699.06325,125444661669.39624,-9369.096869395216,24844.21372218234,0.02834642453513487,-29999.98419653869,14164.508759459011,-8746.990755975588,-5.595224650402824e+28,1.4836964434887293e+29,5.6381038400383256e+28,-5.966996856691546e+34,1.0408081036450481e+27,-6.427288807490862e+26
72141612429.04538,131554796284.29782,-99999915747.90944,-142199967127.24472,78372160786.65784,125357191761.83649,-9375.883628941208,24833.4470166864,0.028367066877581903,-29999.984163817717,14157.335499817129,-8757.650158758908,-5.59927770320369e+28,1.483053455836512e+29,5.64220960195104e+28,-5.966996850183343e+34,1.0402810125265626e+27,-6.435121336656046e+26
72047853592.75597,131803130754.46469,-99999915464.23877,-142499966968.8829,78513734141.656,125269615260.2489,-9382.640712682609,24822.70013752926,0.02838761955367762,-29999.98413115678,14150.177516002008,-8768.295812675673,-5.603313033614054e+28,1.4824116522132474e+29,5.6462975292264785e+28,-5.966996843687084e+34,1.0397550438758275e+27,-6.442943763154085e+26
71954027185.62914,132051357755.83998,-99999915180.36258,-142799966810.19446,78655235916.81602,125181932302.12215,-9389.36825397479,24811.97306795735,0.028408082984994927,-29999.98409855584,14143.034234929417,-8778.927395031007,-5.607330721273745e+28,1.481771031618413e+29,5.650367705715491e+28,-5.966996837202756e+34,1.0392301555826135e+27,-6.450755849868783e+26
71860133503.08939,132299477486.51956,-99999914896.28175,-143099966651.18002,78796666259.16531,125094143028.17183,-9396.066386690258,24801.265791490958,0.028428457591221843,-29999.98406601486,14135.905176565731,-8789.544636058701,-5.6113308461314225e+28,1.48113159306784e+29,5.6544202148940245e+28,-5.966996830730355e+34,1.03870631237405e+27,-6.458557398575933e+26
71766172839.22249,132547490144.43448,-99999914611.99718,-143399966491.84018,78938025310.93097,125006247581.81125,-9402.735244987753,24790.57829182056,0.028448743790166226,-29999.984033533798,14128.789935034227,-8800.14731008508,-5.6153134883066865e+28,1.4804933355875238e+29,5.658455139864062e+28,-5.966996824269872e+34,1.0381834844263149e+27,-6.466348243450517e+26
71672145486.77261,132795395927.35269,-99999914327.50974,-143699966332.1755,79079313210.28131,124918246108.7104,-9409.37496313523,24779.910552723137,0.028468941997760542,-29999.98400111261,14121.688164098407,-8810.735228320757,-5.619278727984359e+28,1.4798562582086259e+29,5.662472563354571e+28,-5.966996817821298e+34,1.0376616462979509e+27,-6.474128245770091e+26
71578051737.14127,133043195032.87993,-99999914042.82031,-143999966172.18665,79220530091.9223,124830138756.4272,-9415.985675372845,24769.26255799457,0.028489052628066707,-29999.983968751258,14114.599565895836,-8821.308232962925,-5.623226645332663e+28,1.4792203599634358e+29,5.666472567722468e+28,-5.966996811384625e+34,1.037140776102026e+27,-6.481897289581157e+26
71483891880.38754,133290887658.45987,-99999913757.92978,-144299966011.87415,79361676087.58125,124741925674.09756,-9422.567515805993,24758.634291394963,0.028509076093280978,-29999.983936449695,14107.523882112237,-8831.866192352538,-5.62715732043934e+28,1.4785856398821072e+29,5.670455234953587e+28,-5.966996804959844e+34,1.036620854857607e+27,-6.489655278140644e+26
71389666205.22948,133538474001.37383,-99999913472.83902,-144599965851.23865,79502751326.40237,124653607012.17404,-9429.120618321127,24748.025736604373,0.028529012803738877,-29999.98390420788,14100.460887006333,-8842.408996981876,-5.631070833261378e+28,1.4779520969900133e+29,5.674420646663663e+28,-5.966996798546946e+34,1.0361018659772253e+27,-6.497402130982282e+26
71295374999.04626,133785954258.73987,-99999913187.54889,-144899965690.28073,79643755935.27243,124565182922.20422,-9435.645116519036,24737.43687718698,0.028548863167920206,-29999.98387202576,14093.410381851854,-8852.93655618944,-5.634967263585169e+28,1.4773197303056066e+29,5.678368884099329e+28,-5.966996792145923e+34,1.0355837948584742e+27,-6.505137781488e+26
71201018547.88107,134033328627.51173,-99999912902.06026,-145199965529.00098,79784690039.09094,124476653556.64233,-9442.141143661613,24726.867696562047,0.02856862759245408,-29999.983839903296,14086.372190474485,-8863.448795412145,-5.638846690994715e+28,1.4766885388386856e+29,5.682300028139116e+28,-5.966996785756765e+34,1.0350666285560651e+27,-6.512862174868844e+26
71106597136.44446,134280597304.47736,-99999912616.37398,-145499965367.40002,79925553760.99568,124388019068.68822,-9448.608832629132,24716.318177980404,0.028588306482124022,-29999.983807840432,14079.346155642028,-8873.945653891118,-5.642709194846118e+28,1.4760585215889898e+29,5.686214159294468e+28,-5.966996779379461e+34,1.0345503555165762e+27,-6.520575266479194e+26
71012111048.11816,134527760486.25716,-99999912330.4909,-145799965205.47842,80066347222.55211,124299279612.1493,-9455.048315885793,24705.788304505477,0.028607900239873096,-29999.983775837125,14072.332136124702,-8884.427082748072,-5.646554854246996e+28,1.4754296775450672e+29,5.690111357710759e+28,-5.9669967730140035e+34,1.0340349653624431e+27,-6.528277020403284e+26
70917560564.9593,134774818369.30222,-99999912044.4119,-146099965043.2368,80207070543.91336,124210435341.32182,-9461.459725451803,24695.278058997996,0.028627409266809112,-29999.98374389332,14065.33000428578,-8894.893043365746,-5.650383748039817e+28,1.4748020056833604e+29,5.693991703168333e+28,-5.966996766660381e+34,1.0335204487149192e+27,-6.53596740826515e+26
70822945967.70479,135021771149.8922,-99999911758.1378,-146399964880.67572,80347723843.95622,124121486410.88817,-9467.843192880675,24684.787424103735,0.028646833962209843,-29999.983712008972,14058.339644094916,-8905.34350601879,-5.654195954788339e+28,1.4741755049674752e+29,5.697855275083538e+28,-5.966996760318584e+34,1.0330067970480945e+27,-6.543646408222606e+26
70728267535.77599,135268619024.13324,-99999911471.66946,-146699964717.7958,80488307240.39717,124032432975.82799,-9474.198849240716,24674.31638224377,0.028666174723528306,-29999.983680184025,14051.360949480611,-8915.778448711822,-5.657991552766556e+28,1.4735501743475982e+29,5.701702152509779e+28,-5.966996753988603e+34,1.0324940025678353e+27,-6.551314004113447e+26
70633525547.28358,135515362187.95567,-99999911185.00772,-146999964554.59766,80628820849.89198,123943275191.34087,-9480.526825099894,24663.864915606806,0.02868543194639809,-29999.983648418427,14044.393822956548,-8926.197856189563,-5.6617706199496575e+28,1.4729260127600385e+29,5.705532414138579e+28,-5.966996747670425e+34,1.0319820581108471e+27,-6.55897018472809e+26
70538720279.0326,135762000837.11174,-99999910898.1534,-147299964391.08185,80769264788.12155,123854013212.77898,-9486.82725051346,24653.43300614321,0.028704606024638698,-29999.98361671212,14037.43817447037,-8936.601719090428,-5.665533234006638e+28,1.4723030191268725e+29,5.709346138300636e+28,-5.96699674136404e+34,1.0314709570600827e+27,-6.566614943187646e+26
70443852006.52745,136008535167.17317,-99999910611.10733,-147599964227.24896,80909639169.86626,123764647195.58807,-9493.100255013815,24643.0206355605,0.028723697350260972,-29999.983585065056,14030.493920434219,-8946.990033220241,-5.66927947229425e+28,1.4716811923556732e+29,5.713143402966907e+28,-5.966996735069439e+34,1.0309606932735063e+27,-6.574248276410233e+26
70348921003.97731,136254965373.52878,-99999910323.87036,-147899964063.0996,81049944109.0706,123675177295.25587,-9499.34596760224,24632.627785320037,0.02874270631347251,-29999.983553477177,14023.560982904562,-8957.362798926875,-5.673009411852058e+28,1.4710605313393127e+29,5.716924285749683e+28,-5.96699672878661e+34,1.0304512610238273e+27,-6.581870184651468e+26
70253927544.30128,136501291651.38197,-99999910036.4433,-148199963898.63437,81190179718.89964,123585603667.2666,-9505.564516742135,24622.254436634685,0.028761633302683165,-29999.983521948427,14016.639288885262,-8967.72002056001,-5.676723129398403e+28,1.4704410349558234e+29,5.720688863903681e+28,-5.966996722515542e+34,1.0299426549472891e+27,-6.589480671107495e+26
70158871899.13387,136747514195.74832,-99999909748.82697,-148499963733.85385,81330346111.7885,123495926467.061,-9511.756030353545,24611.90057046736,0.028780478704510542,-29999.983490478746,14009.728769732923,-8978.061706002956,-5.6804207013271375e+28,1.4698227020683107e+29,5.724437214327146e+28,-5.966996716256222e+34,1.0294348699999751e+27,-6.597079741570972e+26
70063754338.83034,136993633201.45299,-99999909461.02217,-148799963568.75864,81470443399.48582,123406145850.00098,-9517.920635808738,24601.56616753025,0.02879924290378556,-29999.983459068077,14002.829360647467,-8988.38786626569,-5.684102203704978e+28,1.4692055315249066e+29,5.728169413562948e+28,-5.96699671000864e+34,1.0289279014203758e+27,-6.604667404132029e+26
69968575132.47224,137239648863.1283,-99999909173.02974,-149099963403.3493,81610471693.0923,123316261971.33832,-9524.058459928676,24591.251208284684,0.02881792628355803,-29999.98342771636,13995.94100023409,-8998.698515130036,-5.687767712269406e+28,1.4685895221587614e+29,5.731885537799692e+28,-5.966996703772784e+34,1.0284217446972009e+27,-6.61224366891755e+26
69873334547.87296,137485561375.21115,-99999908884.85048,-149399963237.62646,81750431103.09464,123226274986.18701,-9530.169628980235,24580.955672941447,0.02883652922510228,-29999.983396423537,13989.063630125218,-9008.993668839476,-5.691417302426996e+28,1.4679746727880633e+29,5.735585662872843e+28,-5.966996697548641e+34,1.027916395541601e+27,-6.619808547863247e+26
69778032851.58316,137731370931.94055,-99999908596.48518,-149699963071.5907,81890321739.39589,123136185049.49861,-9536.254268674062,24570.679541461574,0.028855052107922805,-29999.983365189546,13982.197194653116,-9019.273345827198,-5.69505104925215e+28,1.4673609822160852e+29,5.739269864265846e+28,-5.9669966913362e+34,1.027411849863111e+27,-6.627362054513825e+26
69682670308.89642,137977077727.35516,-99999908307.93466,-149999962905.24258,82030143711.34242,123045992316.04034,-9542.312504162961,24560.42279355749,0.028873495309759942,-29999.983334014327,13975.34164056544,-9029.537566477084,-5.69866902748612e+28,1.4667484492312533e+29,5.742938217111252e+28,-5.96699668513545e+34,1.0269081037487486e+27,-6.634904203847361e+26
69587247183.8548,138222681955.29074,-99999908019.1997,-150299962738.58273,82169897127.74808,122955696940.37558,-9548.34446004075,24550.18540869445,0.028891859206595587,-29999.983302897814,13968.4969167773,-9039.786352913083,-5.702271311536336e+28,1.4661370726072327e+29,5.746590796191862e+28,-5.966996678946375e+34,1.026405153444796e+27,-6.642435012120533e+26
69491763739.2544,138468183809.3777,-99999907730.28111,-150599962571.61172,82309582096.91585,122865299076.84645,-9554.3502603415,24539.967366092264,0.02891014417265894,-29999.983271839945,13961.662974154491,-9050.019728813179,-5.705857975475944e+28,1.4655268511030301e+29,5.750227675941863e+28,-5.966996672768965e+34,1.025902995340872e+27,-6.649954496731923e+26
69396220236.65099,138713583483.0386,-99999907441.17967,-150899962404.33014,82449198726.6574,122774798879.55832,-9560.33002853913,24529.768644727217,0.02892835058043227,-29999.98324084066,13954.839765323437,-9060.237719244684,-5.709429093043569e+28,1.4649177834631095e+29,5.753848930447979e+28,-5.966996666603207e+34,1.0254016259559661e+27,-6.657462676100993e+26
69300616936.3656,138958881169.48587,-99999907151.89616,-151199962236.73856,82588747124.31062,122684196502.36588,-9566.28388754727,24519.589223334206,0.02894647880065671,-29999.98320989989,13948.02724450407,-9070.44035051809,-5.71298473764323e+28,1.4643098684175188e+29,5.757454633450619e+28,-5.966996660449088e+34,1.024901041926159e+27,-6.664959569560693e+26
69204954097.49013,139204077061.7192,-99999906862.43138,-151499962068.83755,82728227396.75566,122593492098.86069,-9572.211959719389,24509.429080409012,0.028964529202338083,-29999.983179017567,13941.22536736249,-9080.627650057108,-5.716524982344419e+28,1.4637031046820263e+29,5.761044858345045e+28,-5.966996654306593e+34,1.0244012399937957e+27,-6.672445197261963e+26
69109231977.89293,139449171352.5233,-99999906572.78609,-151799961900.62772,82867639650.42929,122502685822.36012,-9578.114366849144,24499.288194210723,0.028982502152752755,-29999.98314819363,13934.434090880724,-9090.79964628286,-5.720049899882309e+28,1.4630974909582644e+29,5.764619678182523e+28,-5.966996648175713e+34,1.0239022169979155e+27,-6.679919580088645e+26
69013450834.22444,139694164234.4654,-99999906282.96106,-152099961732.10965,83006983991.3381,122411777825.8973,-9583.991230170917,24489.166542764266,0.029000398017453494,-29999.98311742801,13927.653373241325,-9100.956368510488,-5.7235595626580725e+28,1.462493025933882e+29,5.768179165671499e+28,-5.966996642056432e+34,1.0234039698657725e+27,-6.687382739581506e+26
68917610921.92273,139939055899.89304,-99999905992.95708,-152399961563.28394,83146260525.07051,122320768262.21219,-9589.842670360513,24479.06410386303,0.02901821716027538,-29999.98308672064,13920.883173724838,-9111.09784685665,-5.727054042739299e+28,1.4618897082827002e+29,5.771723393178772e+28,-5.966996635948735e+34,1.0229064956053012e+27,-6.694834697870266e+26
68821712495.21913,140183846540.93167,-99999905702.7749,-152699961394.15115,83285469356.80775,122229657283.74362,-9595.668807536005,24468.98085507158,0.02903595994334171,-29999.98305607145,13914.12345261854,-9121.224112156631,-5.730533411860503e+28,1.4612875366648748e+29,5.775252432730666e+28,-5.966996629852612e+34,1.0224097912984103e+27,-6.702275477612693e+26
68725755807.14377,140428536349.4824,-99999905412.4153,-152999961224.71185,83424610591.33394,122138445042.62206,-9601.46976125872,24458.916773728422,0.029053626727069952,-29999.98302548037,13907.37417113498,-9131.335195889911,-5.733997741423709e+28,1.4606865097270615e+29,5.7787663560142135e+28,-5.966996623768045e+34,1.0219138540949982e+27,-6.709705101939906e+26
68629741109.53118,140673125517.21967,-99999905121.87903,-153299961054.96664,83563684333.04529,122047131690.66316,-9607.245650534322,24448.87183694884,0.02907121787017769,-29999.982994947335,13900.63529133914,-9141.431130113233,-5.737447102499098e+28,1.4600866261025848e+29,5.7822652343783425e+28,-5.966996617695025e+34,1.0214186812076e+27,-6.717123594407203e+26
68533668653.02584,140917614235.58914,-99999904831.16685,-153599960884.9161,83702690685.95868,121955717379.36203,-9612.996593813996,24438.846021627767,0.029088733729688614,-29999.982964472267,13893.906776083164,-9151.511947400302,-5.740881565825719e+28,1.4594878844116104e+29,5.785749138835065e+28,-5.966996611633534e+34,1.0209242699065909e+27,-6.724530978949742e+26
68437538687.0877,141162002695.80542,-99999904540.27951,-153899960714.56082,83841629753.71951,121864202259.88803,-9618.722708995734,24428.83930444269,0.029106174660938514,-29999.9829340551,13887.18858894773,-9161.577680787386,-5.744301201812253e+28,1.4588902832613175e+29,5.78921814006067e+28,-5.96699660558356e+34,1.0204306175158793e+27,-6.73192727984257e+26
68341351459.99774,141406291088.84985,-99999904249.21776,-154199960543.90137,83980501639.609,121772586483.08015,-9624.424113425683,24418.85166185658,0.0291235410175813,-29999.98290369576,13880.480694189317,-9171.62836372415,-5.747706080537818e+28,1.4582938212460752e+29,5.79267230839692e+28,-5.966996599545086e+34,1.019937721409031e+27,-6.739312521664505e+26
68245107218.86349,141650479605.4684,-99999903957.98235,-154499960372.93832,84119306446.55089,121680870199.44292,-9630.10092389957,24408.883070120875,0.02914083315159503,-29999.982873394176,13873.78305669264,-9181.66403002917,-5.751096271752823e+28,1.4576984969476188e+29,5.796111713852251e+28,-5.966996593518101e+34,1.0194455790057752e+27,-6.746686729265433e+26
68148806209.62449,141894568436.16962,-99999903666.57402,-154799960201.67227,84258044277.11781,121589053559.14262,-9635.753256664193,24398.933505278423,0.029158051413287967,-29999.982843150276,13867.095641927728,-9191.68471384961,-5.754471844879856e+28,1.4571043089352275e+29,5.799536426102977e+28,-5.96699658750259e+34,1.0189541877688494e+27,-6.754049927736693e+26
68052448677.057846,142138557771.2224,-99999903374.9935,-155099960030.10376,84396715233.5371,121497136712.00414,-9641.381227418959,24389.002943166477,0.02917519615130464,-29999.982812963983,13860.418415911052,-9201.690449624646,-5.757832869014602e+28,1.4565112557659022e+29,5.802946514494492e+28,-5.966996581498536e+34,1.0184635452011441e+27,-6.761402142384189e+26
67956034864.78365,142382447800.65408,-99999903083.24153,-155399959858.2334,84535319417.6962,121405119807.50789,-9646.984951317474,24379.091359419686,0.029192267712631923,-29999.98278283522,13853.751345170313,-9211.681272052208,-5.761179412926795e+28,1.4559193359845438e+29,5.806342048042489e+28,-5.966996575505925e+34,1.0179736488431145e+27,-6.768743398703963e+26
67859565015.27048,142626238714.2483,-99999902791.31885,-155699959686.06174,84673856931.1479,121313002994.78737,-9652.564542969189,24369.198729473082,0.029209266442605138,-29999.98275276392,13847.094396712464,-9221.657216058744,-5.7645115450612e+28,1.4553285481241325e+29,5.809723095434162e+28,-5.966996569524743e+34,1.0174844962704318e+27,-6.776073722359965e+26
67763039369.84078,142869930701.54303,-99999902499.22618,-155999959513.5894,84812327875.11502,121220786422.62679,-9658.120116441063,24359.325028565065,0.02922619268491415,-29999.982722750003,13840.447537994627,-9231.618316771664,-5.767829333538603e+28,1.4547388907059057e+29,5.813089725029424e+28,-5.966996563554975e+34,1.0169960850918451e+27,-6.783393139163819e+26
67666458168.67637,143113523951.82867,-99999902206.96425,-156299959340.8169,84950732350.49496,121128470239.45908,-9663.651785259288,24349.470231740394,0.029243046781609498,-29999.98269279339,13833.810736897603,-9241.564609494224,-5.771132846156847e+28,1.4541503622395364e+29,5.8164420048621285e+28,-5.966996557596605e+34,1.0165084129472359e+27,-6.790701675056355e+26
67569821650.82378,143357018654.1461,-99999901914.53378,-156599959167.74484,85089070457.86394,121036054593.36414,-9669.15966241102,24339.634313853156,0.029259829073108517,-29999.98266289401,13827.183961701701,-9251.496129682579,-5.774422150391862e+28,1.4535629612233105e+29,5.8197800026412834e+28,-5.966996551649619e+34,1.016021477505841e+27,-6.797999356090758e+26
67473130054.19967,143600414997.2846,-99999901621.93549,-156899958994.37378,85227342297.48096,120943539632.0673,-9674.64386034617,24329.817249569736,0.029276539898201486,-29999.982633051783,13820.56718106465,-9261.41291292483,-5.777697313398733e+28,1.4529766861443047e+29,5.8231037857522755e+28,-5.966996545714e+34,1.0155352764646305e+27,-6.805286208417165e+26
67376383615.59621,143843713169.7803,-99999901329.17009,-157199958820.70428,85365547969.29161,120850925502.93806,-9680.104490979185,24320.019013371773,0.029293179594057785,-29999.982603266628,13813.960364001385,-9271.314994921848,-5.78095840201277e+28,1.4523915354785625e+29,5.826413421258093e+28,-5.966996539789732e+34,1.0150498075468218e+27,-6.812562258268573e+26
67279582570.68642,144086913359.91403,-99999901036.2383,-157499958646.73694,85503687572.93163,120758212352.98885,-9685.541665690891,24310.239579559093,0.02930974849623205,-29999.98257353847,13807.363479865518,-9281.202411469707,-5.7842054827506e+28,1.451807507691269e+29,5.829708975900554e+28,-5.9669965338768015e+34,1.0145650685005183e+27,-6.81982753194794e+26
67182727154.02951,144330015755.70963,-99999900743.14081,-157799958472.47232,85641761207.73029,120665400328.87415,-9690.955495330325,24300.47892225264,0.02932624693867034,-29999.982543867227,13800.77649833234,-9291.075198443601,-5.78743862181127e+28,1.4512246012369278e+29,5.83299051610153e+28,-5.966996527975191e+34,1.0140810570974603e+27,-6.827082055816358e+26
67085817599.07621,144573020544.93216,-99999900449.87834,-158099958297.91098,85779768972.71361,120572489576.88971,-9696.34609021661,24290.737015397397,0.029342675253716328,-29999.982514252824,13794.199389383179,-9300.93339178307,-5.79065788507736e+28,1.4506428145595326e+29,5.836258107964177e+28,-5.966996522084886e+34,1.0135977711318759e+27,-6.834325856282199e+26
66988854138.17404,144815927915.08612,-99999900156.45158,-158399958123.0535,85917710966.60744,120479480242.97188,-9701.713560140832,24281.01383276525,0.029359033772117484,-29999.982484695178,13787.632123291021,-9310.777027478449,-5.793863338116105e+28,1.4500621460927408e+29,5.8395118172741675e+28,-5.96699651620587e+34,1.0131152084194242e+27,-6.841558959791164e+26
66891837002.57263,145058738053.4138,-99999899862.86125,-158699957947.90045,86055587287.84035,120386372472.6971,-9707.058014367944,24271.309347957882,0.029375322823031267,-29999.982455194207,13781.074670607248,-9320.606141558415,-5.797055046180536e+28,1.4494825942600448e+29,5.842751709500919e+28,-5.966996510338128e+34,1.0126333667962206e+27,-6.848781392817124e+26
66794766422.428955,145301451146.89337,-99999899569.10802,-158999957772.4524,86193398034.54642,120293166411.28151,-9712.379561638678,24261.62353440962,0.029391542734031325,-29999.982425749833,13774.527002149389,-9330.420770078532,-5.800233074210619e+28,1.4489041574749426e+29,5.84597784979883e+28,-5.966996504481642e+34,1.0121522441179371e+27,-6.855993181853705e+26
66697642626.81257,145544067382.23746,-99999899275.1926,-159299957596.7099,86331143304.56792,120199862203.58072,-9717.678310171477,24251.956365390262,0.029407693831113697,-29999.982396361975,13767.98908898982,-9340.22094911071,-5.803397486834407e+28,1.4483268341411066e+29,5.849190303008514e+28,-5.966996498636396e+34,1.0116718382589719e+27,-6.86319435340655e+26
66600465843.71085,145786586945.89136,-99999898981.11566,-159599957420.67352,86468823195.45781,120106459994.08961,-9722.954367664426,24242.307814007898,0.02942377643870303,-29999.98236703055,13761.460902445291,-9350.006714733505,-5.806548348369195e+28,1.4477506226525518e+29,5.852389133658033e+28,-5.966996492802375e+34,1.01119214711168e+27,-6.870384933986179e+26
66503236300.03421,146029010024.03143,-99999898686.8779,-159899957244.34384,86606437804.48227,120012959926.94228,-9728.207841297211,24232.677853211688,0.029439790879658794,-29999.98233775547,13754.942414067229,-9359.77810302318,-5.8096857228226945e+28,1.447175521393802e+29,5.855574405964134e+28,-5.966996486979563e+34,1.01071316858566e+27,-6.877564950101432e+26
66405954221.62124,146271336802.56354,-99999898392.48,-160199957067.7214,86743987228.62294,119919362145.91205,-9733.438837733076,24223.066455794633,0.029455737475281494,-29999.982308536662,13748.43359563274,-9369.535150045458,-5.812809673894194e+28,1.4466015287400555e+29,5.8587461838334885e+28,-5.966996481167942e+34,1.0102349006070937e+27,-6.884734428253403e+26
66308619833.24391,146513567467.1215,-99999898097.92262,-160499956890.80676,86881471564.57927,119825666794.41159,-9738.64746312079,24213.47359439632,0.029471616545318893,-29999.982279374035,13741.934419136249,-9379.277891847923,-5.815920264975736e+28,1.4460286430573484e+29,5.861904530863928e+28,-5.966996475367495e+34,1.0097573411181315e+27,-6.891893394929854e+26
66211233358.6127,146755702203.06546,-99999897803.20645,-160799956713.6005,87018890908.77063,119731874015.49312,-9743.833823096627,24203.899241505642,0.029487428407972246,-29999.98225026751,13735.444856781734,-9389.006364453006,-5.819017559153306e+28,1.4454568627027171e+29,5.865049510345679e+28,-5.966996469578207e+34,1.0092804880763218e+27,-6.899041876600069e+26
66113795020.38174,146997741195.48053,-99999897508.33217,-161099956536.10318,87156245357.33844,119637983951.84859,-9748.998022786356,24194.343369463484,0.029503173379902513,-29999.982221216997,13728.964880975484,-9398.7206038515,-5.822101619208012e+28,1.4448861860243594e+29,5.8681811852626095e+28,-5.96699646380006e+34,1.0088043394540785e+27,-6.906179899710082e+26
66016305040.15387,147239684629.17517,-99999897213.30043,-161399956358.31534,87293535006.1482,119543996745.81007,-9754.14016680722,24184.805950465412,0.029518851776236595,-29999.982192222415,13722.494464319352,-9408.42064599659,-5.825172507617272e+28,1.4443166113617945e+29,5.871299618293458e+28,-5.966996458033038e+34,1.008328893238186e+27,-6.913307490678294e+26
65918763638.485794,147481532688.67984,-99999896918.11191,-161699956180.23755,87430759950.79138,119449912539.35011,-9759.260359269942,24175.286956564312,0.02953446391057356,-29999.982163283676,13716.033579604464,-9418.106526798318,-5.828230286556009e+28,1.4437481370460207e+29,5.874404871813081e+28,-5.966996452277123e+34,1.007854147429336e+27,-6.920424675891404e+26
65821171034.8931,147723285558.24548,-99999896622.76727,-161999956001.8704,87567920286.58743,119355731474.08212,-9764.358703780727,24165.786359673013,0.029550010094990878,-29999.982134400696,13709.58219980533,-9427.778282118476,-5.83127501789785e+28,1.4431807613996724e+29,5.877497007893686e+28,-5.966996446532298e+34,1.0073801000416957e+27,-6.927531481700656e+26
65723527447.85529,147964943421.84222,-99999896327.26717,-162299955823.2144,87705016108.58548,119261453691.26094,-9769.435303443262,24156.304131566892,0.029565490640050637,-29999.98210557339,13703.14029807435,-9437.435947765887,-5.834306763216317e+28,1.442614482737175e+29,5.880576088306071e+28,-5.966996440798547e+34,1.0069067491025031e+27,-6.934627934418374e+26
65625833094.82086,148206506463.1579,-99999896031.61226,-162599955644.2701,87842047511.56622,119167079331.78328,-9774.49026086074,24146.840243886443,0.029580905854805786,-29999.98207680167,13696.707847736643,-9447.079559492036,-5.837325583786035e+28,1.4420492993648984e+29,5.883642174520871e+28,-5.966996435075852e+34,1.0064340926516886e+27,-6.941714060314749e+26
65528088192.21226,148447974865.59677,-99999895735.8032,-162899955465.03812,87979014590.0436,119072608536.18835,-9779.52367813786,24137.39466813983,0.029596256046806355,-29999.98204808545,13690.284822285234,-9456.709152987038,-5.840331540583931e+28,1.4414852095813107e+29,5.886695327709784e+28,-5.966996429364196e+34,1.0059621287415189e+27,-6.948789885614875e+26
65430292955.43088,148689348812.27817,-99999895439.84065,-163199955285.51898,88115917438.26645,118978041444.65848,-9784.535656882854,24127.96737570542,0.029611541522105676,-29999.982019424642,13683.871195376503,-9466.324763875893,-5.8433246942904404e+28,1.4409222116771277e+29,5.889735608746819e+28,-5.966996423663561e+34,1.0054908554362655e+27,-6.955855436496006e+26
65332447598.86205,148930628486.03522,-99999895143.72523,-163499955105.71323,88252756150.22021,118883378197.01971,-9789.526298209503,24118.558337834267,0.02962676258526662,-29999.98199081916,13677.466940825938,-9475.926427715049,-5.846305105290716e+28,1.4403603039354624e+29,5.892763078209531e+28,-5.966996417973931e+34,1.0050202708118899e+27,-6.962910739085018e+26
65234552335.87996,149171814069.41357,-99999894847.45761,-163799954925.62143,88389530819.62848,118788618932.74257,-9794.495702739161,24109.167525652603,0.029641919539367807,-29999.981962268914,13671.072032604114,-9485.514179989192,-5.849272833675827e+28,1.4397994846319735e+29,5.895777796380257e+28,-5.966996412295287e+34,1.0045503729557502e+27,-6.969955819456057e+26
65136607378.85257,149412905744.6701,-99999894551.03842,-164099954745.2441,88526241539.95451,118693763790.94267,-9799.443970602782,24099.794910164288,0.029657012686009822,-29999.981933773815,13664.686444832925,-9495.088056108301,-5.852227939243982e+28,1.4392397520350114e+29,5.898779823247353e+28,-5.966996406627612e+34,1.0040811599663234e+27,-6.97699070362838e+26
65038612939.146545,149653903693.77176,-99999894254.46829,-164399954564.58185,88662888404.40285,118598812910.38159,-9804.371201442942,24090.440462253224,0.029672042325321443,-29999.981905333778,13658.310151782027,-9504.648091404917,-5.855170481501725e+28,1.4386811044057626e+29,5.901769218506435e+28,-5.966996400970888e+34,1.0036126299529433e+27,-6.984015417564333e+26
64940569227.13212,149894808098.3943,-99999893957.74786,-164699954383.6352,88799471505.92067,118503766429.46754,-9809.277494415866,24081.104152685773,0.029687008755965836,-29999.98187694871,13651.943127865474,-9514.194321131617,-5.858100519665156e+28,1.4381235399983945e+29,5.904746041561604e+28,-5.966996395325098e+34,1.003144781035555e+27,-6.991029987167512e+26
64842476452.18796,150135619139.92114,-99999893660.87778,-164999954202.4047,88935990937.19933,118408624486.25623,-9814.162948193463,24071.785952113125,0.02970191227514677,-29999.981848618525,13645.585347638553,-9523.726780458679,-5.861018112661137e+28,1.4375670570601959e+29,5.907710351526693e+28,-5.9669963896902245e+34,1.0026776113444808e+27,-6.998034438281038e+26
64744334822.706024,150376336999.44226,-99999893363.85866,-165299954020.89087,89072446790.6757,118313387218.45164,-9819.027660965343,24062.485831073653,0.029716753178614816,-29999.98182034313,13639.236785794785,-9533.24550447193,-5.863923319128503e+28,1.4370116538317186e+29,5.910662207226487e+28,-5.9669963840662485e+34,1.0022111190202007e+27,-7.005028796685973e+26
64646144546.096375,150616961857.753,-99999893066.69113,-165599953839.0943,89208839158.53365,118218054763.40692,-9823.871730440855,24053.203759995242,0.029731531760673544,-29999.98179212244,13632.897417163083,-9542.750528170753,-5.866816197419279e+28,1.436457328546916e+29,5.913601667197967e+28,-5.966996378453152e+34,1.0017453022131433e+27,-7.012013088099869e+26
64547905828.79197,150857493895.35294,-99999892769.37581,-165899953657.01553,89345168132.70528,118122627258.12521,-9828.69525385111,24043.93970919759,0.029746248314185708,-29999.981763956355,13626.567216705067,-9552.241886466252,-5.869696805599883e+28,1.4359040794332802e+29,5.916528789691537e+28,-5.966996372850919e+34,1.0012801590834883e+27,-7.018987338175402e+26
64449618876.253456,151097933292.44492,-99999892471.91333,-166199953474.6551,89481433804.87233,118027104839.26054,-9833.498327951014,24034.693648894496,0.02976090313057944,-29999.981735844794,13620.246159512508,-9561.71961417956,-5.872565201452346e+28,1.4353519047119794e+29,5.91944363267225e+28,-5.96699636725953e+34,1.000815687800979e+27,-7.02595157249914e+26
64351283892.973946,151338280228.93387,-99999892174.3043,-166499953292.01355,89617636266.46745,117931487643.11874,-9838.281049021292,24025.465549196102,0.02977549649985442,-29999.98170778766,13613.934220804911,-9571.183746040273,-5.875421442475516e+28,1.4348008025979914e+29,5.922346253821044e+28,-5.966996361678965e+34,1.0003518865447449e+27,-7.032905816590392e+26
64252901082.483734,151578534884.42584,-99999891876.54935,-166799953109.09143,89753775608.6755,117835775805.65834,-9843.043512870518,24016.255380111135,0.029790028710588046,-29999.98167978487,13607.631375927213,-9580.634316685018,-5.878265585886273e+28,1.4342507713002371e+29,5.925236710535962e+28,-5.96699635610921e+34,9.998887535031316e+26,-7.039850095900152e+26
64154470647.35503,151818697438.22696,-99999891578.64906,-167099952925.88928,89889851922.43478,117739969462.49149,-9847.785814837134,24007.063111549116,0.029804500049941604,-29999.981651836322,13601.337600347591,-9590.071360656131,-5.881097688620737e+28,1.4337018090217133e+29,5.928115059933385e+28,-5.966996350550244e+34,9.994262868735409e+26,-7.046784435810126e+26
64055992789.20666,152058768069.34244,-99999891280.60406,-167399952742.40765,90025865298.43826,117644068748.88492,-9852.508049791486,23997.888713322533,0.02981891080366642,-29999.981623941927,13595.052869655385,-9599.49491240044,-5.883917807335475e+28,1.4331539139596218e+29,5.930981358849251e+28,-5.966996345002049e+34,9.989644848622777e+26,-7.053708861631843e+26
63957467708.70874,152298746956.47568,-99999890982.41496,-167699952558.64706,90161815827.13481,117548073799.76091,-9857.210312137839,23988.732155149013,0.02983326125611,-29999.981596101596,13588.777159559102,-9608.905006268153,-5.886725998408718e+28,1.4326070843054992e+29,5.933835663840279e+28,-5.966996339464607e+34,9.985033456844028e+26,-7.060623398605839e+26
63858895605.587364,152538634278.02716,-99999890684.08235,-167999952374.6081,90297703598.73041,117451984749.69823,-9861.892695816396,23979.593406653454,0.029847551690222195,-29999.981568315234,13582.510445884529,-9618.301676511837,-5.889522317941552e+28,1.4320613182453444e+29,5.936678031185194e+28,-5.966996333937899e+34,9.980428675635952e+26,-7.067528071900897e+26
63760276678.6292,152778430212.0937,-99999890385.60684,-168299952190.29126,90433528703.18925,117355801732.9331,-9866.555294305328,23970.472437370136,0.029861782387561302,-29999.98154058275,13576.252704572918,-9627.684957285492,-5.892306821759142e+28,1.4315166139597446e+29,5.939508516885943e+28,-5.966996328421909e+34,9.97583048732018e+26,-7.074422906613379e+26
63661611125.68615,153018134936.46738,-99999890086.98901,-168599952005.69708,90569291230.23499,117259524883.36024,-9871.198200622784,23961.369216744813,0.029875953628300204,-29999.98151290405,13570.003911679261,-9637.05488264369,-5.895079565411927e+28,1.4309729696240004e+29,5.94232717666891e+28,-5.966996322916615e+34,9.97123887430192e+26,-7.081307927766583e+26
63562899143.679924,153257748628.63483,-99999889788.22948,-168899951820.8261,90704991269.35178,117163154334.53381,-9875.821507328908,23952.283714136785,0.029890065691232474,-29999.98148527904,13563.764043370637,-9646.411486540806,-5.897840604176825e+28,1.430430383408249e+29,5.945134065986139e+28,-5.966996317422001e+34,9.966653819068743e+26,-7.088183160310184e+26
63464140928.606636,153497271465.77618,-99999889489.32883,-169199951635.6789,90840628909.78548,117066690219.66841,-9880.425306527852,23943.215898820934,0.02990411885377849,-29999.98145770763,13557.53307592462,-9655.754802830317,-5.900589993058434e+28,1.4298888534775862e+29,5.947929240016541e+28,-5.966996311938047e+34,9.96207530418941e+26,-7.095048629119717e+26
63365336675.54136,153736703624.7644,-99999889190.28764,-169499951450.25598,90976204240.54472,116970132671.6401,-9885.009689869787,23934.165739989756,0.02991811339199151,-29999.98143018972,13551.310985727774,-9665.084865264162,-5.903327786790237e+28,1.4293483779921883e+29,5.950712753667111e+28,-5.9669963064647355e+34,9.957503312312768e+26,-7.101904358996106e+26
63266486578.64266,153976045282.1643,-99999888891.1065,-169799951264.5579,91111717350.40201,116873481822.98746,-9889.574748552912,23925.13320675535,0.02993204958056377,-29999.98140272522,13545.097749274184,-9674.401707492168,-5.906054039835799e+28,1.4288089551074295e+29,5.953484661574133e+28,-5.966996301002046e+34,9.95293782616667e+26,-7.108750374665245e+26
63167590831.157135,154215296614.23187,-99999888591.78601,-170099951078.58514,91247168327.89474,116776737805.91254,-9894.120573325457,23916.118268151396,0.029945927692832552,-29999.981375314037,13538.89334316407,-9683.705363061541,-5.908768806389963e+28,1.4282705829740014e+29,5.956245018104394e+28,-5.966996295549962e+34,9.94837882855696e+26,-7.11558670077762e+26
63068649625.42388,154454457796.9134,-99999888292.32674,-170399950892.3383,91382557261.32639,116679900752.28192,-9898.647254487687,23907.12089313513,0.02995974800078624,-29999.981347956073,13532.697744102441,-9692.995865416397,-5.911472140380047e+28,1.42773325973803e+29,5.958993877356383e+28,-5.966996290108462e+34,9.943826302366473e+26,-7.122413361907968e+26
62969663152.879005,154693529005.84476,-99999887992.72926,-170699950705.81784,91517884238.76741,116582970793.62776,-9903.1548818939,23898.141050589238,0.029973510775070378,-29999.981320651234,13526.510928897796,-9702.27324789736,-5.914164095467038e+28,1.4271969835411894e+29,5.961731293161498e+28,-5.9669962846775305e+34,9.9392802305541e+26,-7.129230382554979e+26
62870631604.06007,154932510416.35065,-99999887692.99416,-170999950519.02435,91653149348.05638,116485948061.14879,-9907.643544954426,23889.178709323805,0.029987216284993696,-29999.98129339943,13520.332874460897,-9711.537543741197,-5.916844725046784e+28,1.4266617525208178e+29,5.9644573190852455e+28,-5.966996279257147e+34,9.934740596153867e+26,-7.136037787141031e+26
62771555168.61052,155171402203.44388,-99999887393.122,-171299950331.95834,91788352676.801,116388832685.71138,-9912.113332637611,23880.23383807818,0.03000086479853415,-29999.98126620056,13514.163557803558,-9720.788786080508,-5.919514082251181e+28,1.426127564810029e+29,5.967172008428442e+28,-5.966996273847291e+34,9.930207382274054e+26,-7.142835600011957e+26
62672434035.28414,155410204541.82465,-99999887093.11334,-171599950144.62036,91923494312.37903,116291624797.85057,-9916.564333471817,23871.306405522857,0.030014456582344935,-29999.98123905453,13508.0029560375,-9730.027007943445,-5.922172219949369e+28,1.425594418537825e+29,5.969875414228407e+28,-5.966996268447946e+34,9.925680572096355e+26,-7.149623845436843e+26
62573268391.949425,155648917605.87988,-99999886792.96878,-171899949957.0109,92058574341.9394,116194324527.77113,-9920.996635547399,23862.396380261314,0.030027991901760472,-29999.981211961247,13501.851046373236,-9739.252242253484,-5.924819190748907e+28,1.4250623118292058e+29,5.972567589260158e+28,-5.966996263059092e+34,9.921160148875054e+26,-7.156402547607859e+26
62474058425.59395,155887541569.6825,-99999886492.68886,-172199949769.1305,92193592852.40314,116096932005.3486,-9925.41032651869,23853.50373083184,0.03004147102080242,-29999.981184920613,13495.707806118993,-9748.464521829226,-5.927455046996962e+28,1.4245312428052775e+29,5.975248586037601e+28,-5.966996257680709e+34,9.916646095936236e+26,-7.163171730640115e+26
62374804322.32876,156126076606.9908,-99999886192.27415,-172499949580.9797,92328549930.46432,115999447360.13031,-9929.80549360598,23844.62842570934,0.030054894202185635,-29999.981157932532,13489.57321267968,-9757.663879384238,-5.930079840781491e+28,1.4240012095833619e+29,5.977918456814723e+28,-5.966996252312781e+34,9.912138396677028e+26,-7.169931418571537e+26
62275506267.3927,156364522891.2479,-99999885891.72522,-172799949392.55902,92463445662.59113,115901870721.33647,-9934.182223597487,23835.77043330712,0.030068261707324146,-29999.98113099691,13483.44724355588,-9766.850347526923,-5.9326936239324196e+28,1.4234722102771013e+29,5.980577253586773e+28,-5.966996246955285e+34,9.90763703456486e+26,-7.176681635362783e+26
62176164445.15672,156602880595.58096,-99999885591.0426,-173099949203.869,92598280135.02669,115804202217.8612,-9938.54060285133,23826.92972197865,0.030081573796337097,-29999.981104113653,13477.329876342881,-9776.023958760423,-5.935296448022814e+28,1.422944242996565e+29,5.983225028091448e+28,-5.966996241608205e+34,9.90314199313675e+26,-7.183422404897159e+26
62076779039.12821,156841149892.80075,-99999885290.22687,-173399949014.91013,92733053433.79012,115706441978.2736,-9942.88071729749,23818.106260019304,0.030094830728054685,-29999.981077282657,13471.221088729731,-9785.18474548255,-5.937888364370061e+28,1.422417305848353e+29,5.985861831810076e+28,-5.96699623627152e+34,9.898653255998606e+26,-7.190153750980577e+26
61977350231.95524,157079330955.40094,-99999884989.27856,-173699948825.68295,92867765644.67741,115608590130.81879,-9947.202652439779,23809.30001566808,0.030108032760024092,-29999.98105050383,13465.120858498334,-9794.332739985743,-5.940469424037036e+28,1.4218913969356978e+29,5.988487715968791e+28,-5.966996230945211e+34,9.894170806824575e+26,-7.196875697341523e+26
61877878205.43084,157317423955.55762,-99999884688.19824,-173999948636.188,93002416853.26239,115510646803.41893,-9951.506493357787,23800.51095710931,0.030121180148515378,-29999.981023777076,13459.029163522559,-9803.467974457055,-5.943039677833271e+28,1.421366514358568e+29,5.991102731539709e+28,-5.96699622562926e+34,9.889694629356376e+26,-7.203588267631044e+26
61778363140.49726,157555429065.12872,-99999884386.98643,-174299948446.42575,93137007144.89761,115412612123.67436,-9955.792324708846,23791.73905247433,0.03013427314852739,-29999.980997102295,13452.945981767385,-9812.590480978162,-5.945599176316123e+28,1.4208426562137672e+29,5.993706929242098e+28,-5.966996220323646e+34,9.885224707402675e+26,-7.210291485422754e+26
61678805217.250175,157793346455.65347,-99999884085.6437,-174599948256.39676,93271536604.71529,115314486218.86458,-9960.060230729969,23782.984269843164,0.03014731201379364,-29999.980970479395,13446.87129128807,-9821.700291525389,-5.948147969791938e+28,1.4203198205950338e+29,5.996300359543554e+28,-5.966996215028352e+34,9.880761024838473e+26,-7.216985374212856e+26
61579204614.94288,158031176298.3519,-99999883784.1706,-174899948066.10156,93406005317.62817,115216269215.94933,-9964.310295239799,23774.24657724614,0.03016029699678816,-29999.980943908275,13440.805070229335,-9830.797437969764,-5.950686108317208e+28,1.4197980055931395e+29,5.998883072661164e+28,-5.966996209743356e+34,9.876303565604515e+26,-7.223669957420182e+26
61479561511.99048,158268918764.12436,-99999883482.56763,-175199947875.54065,93540413368.33046,115117961241.56963,-9968.542601640545,23765.525942665536,0.03017322834873137,-29999.98091738884,13434.747296824587,-9839.881952077094,-5.953213641699734e+28,1.4192772092959859e+29,6.0014551185626695e+28,-5.966996204468639e+34,9.871852313706706e+26,-7.230345258386248e+26
61379876085.974075,158506574023.55103,-99999883180.83534,-175499947684.71454,93674760841.2987,115019562422.04886,-9972.757232919921,23756.822334037173,0.0301861063195959,-29999.98089092099,13428.697949395144,-9848.953865508049,-5.955730619499777e+28,1.4187574297887001e+29,6.004016546967624e+28,-5.966996199204185e+34,9.867407253215552e+26,-7.237011300375314e+26
61280148513.644875,158744142246.8914,-99999882878.97427,-175799947493.62375,93809047820.79266,114921072883.39378,-9976.954271653069,23748.135719252,0.030198931158112414,-29999.98086450463,13422.657006349493,-9858.013209818273,-5.958237091031213e+28,1.4182386651537295e+29,6.0065674073485585e+28,-5.96699619394997e+34,9.862968368265607e+26,-7.243668106574467e+26
61180378970.928345,158981623604.0839,-99999882576.98495,-176099947302.2688,93943274390.85616,114822492751.2956,-9981.133800004485,23739.466066157664,0.03021170311177542,-29999.980838139658,13416.624446182564,-9867.060016458514,-5.960733105362679e+28,1.4177209134709358e+29,6.009107748932131e+28,-5.966996188705978e+34,9.858535643054949e+26,-7.250315700093716e+26
61080567632.9283,159219018264.74548,-99999882274.86792,-176399947110.6502,94077440635.31798,114723822151.13101,-9985.295899729943,23730.81334256006,0.03022442242684906,-29999.98081182598,13410.600247475024,-9876.094316774755,-5.963218711318722e+28,1.417204172817687e+29,6.011637620700278e+28,-5.966996183472187e+34,9.854109061844648e+26,-7.25695410396609e+26
60980714673.931,159456326398.17108,-99999881972.6237,-176699946918.76846,94211546637.79272,114625061207.96326,-9989.440652178406,23722.17751622486,0.03023708934837287,-29999.980785563497,13404.584388892581,-9885.116142008375,-5.965693957480944e+28,1.4166884412689488e+29,6.014157071391364e+28,-5.966996178248579e+34,9.849688608958268e+26,-7.263583341147754e+26
60880820267.40922,159693548173.33334,-99999881670.2528,-176999946726.62408,94345592481.68166,114526210046.54317,-9993.568138293935,23713.55855487901,0.030249704120167555,-29999.98075935211,13398.576849185318,-9894.12552329632,-5.968158892189138e+28,1.4161737168973747e+29,6.016666149501327e+28,-5.966996173035135e+34,9.845274268781371e+26,-7.270203434518135e+26
60780884586.026276,159930683758.88214,-99999881367.75577,-177299946534.2176,94479578250.17351,114427268791.31021,-9997.678438617593,23704.95642621225,0.03026226698484072,-29999.980733191725,13392.577607187026,-9903.122491671274,-5.970613563542427e+28,1.4156599977733956e+29,6.0191649032848185e+28,-5.966996167831834e+34,9.840866025761026e+26,-7.276814406880053e+26
60680907801.6401,160167733323.14426,-99999881065.1331,-177599946341.5495,94613504026.24538,114328237566.3935,-10001.771633289347,23696.371097878568,0.030274778183792598,-29999.98070708224,13386.586641814569,-9912.10707806187,-5.973058019400398e+28,1.415147281965308e+29,6.021653380756347e+28,-5.966996162638657e+34,9.836463864405344e+26,-7.283416280959862e+26
60580890085.307205,160404697034.12305,-99999880762.38531,-177899946148.62033,94747369892.66353,114229116495.61287,-10005.847802049959,23687.802537497657,0.030287237957221762,-29999.980681023553,13380.603932067252,-9921.07931329288,-5.975492307384235e+28,1.41463556753936e+29,6.024131629691408e+28,-5.966996157455585e+34,9.832067769283016e+26,-7.290009079407608e+26
60480831607.286705,160641575059.49802,-99999880459.51294,-178199945955.43057,94881175931.9842,114129905702.47993,-10009.907024242873,23679.250712656365,0.030299646544130813,-29999.980655015574,13374.629457026207,-9930.039228085436,-5.977916474877844e+28,1.4141248525598382e+29,6.0265996976276185e+28,-5.966996152282597e+34,9.827677725022856e+26,-7.296592824797178e+26
60380732537.04427,160878367566.62457,-99999880156.51648,-178499945761.98074,95014922226.55447,114030605310.19908,-10013.949378816103,23670.715590910113,0.03031200418233206,-29999.9806290582,13368.663195853795,-9938.986853057258,-5.980330569028977e+28,1.413615135089152e+29,6.029057631865846e+28,-5.966996147119676e+34,9.823293716313368e+26,-7.303167539626474e+26
60280593043.25611,161115074722.53366,-99999879853.39644,-178799945568.27133,95148608858.51302,113931215441.6685,-10017.974944324105,23662.197139784294,0.03032431110845317,-29999.98060315133,13362.705127793013,-9947.922218722893,-5.982734636750356e+28,1.4131064131879181e+29,6.0315054794713355e+28,-5.966996141966799e+34,9.818915727902306e+26,-7.309733246317582e+26
60180413293.812874,161351696693.93152,-99999879550.15332,-179099945374.30286,95282235909.79094,113831736219.48128,-10021.98379892965,23653.69532677567,0.030336567557942822,-29999.980577294868,13356.75523216692,-9956.84535549395,-5.985128724720788e+28,1.4125986849150431e+29,6.033943287274827e+28,-5.966996136823949e+34,9.814543744596253e+26,-7.316289967216953e+26
60080193455.82358,161588233647.19928,-99999879246.78764,-179399945180.0758,95415803462.11261,113732167765.92633,-10025.976020405693,23645.210119353735,0.030348773765076324,-29999.980551488716,13350.813488378075,-9965.756293679358,-5.9875128793862805e+28,1.412091948327805e+29,6.036371101873681e+28,-5.966996131691105e+34,9.81017775126021e+26,-7.322837724595592e+26
59979933695.61952,161824685748.39282,-99999878943.29991,-179699944985.5907,95549311596.99638,113632510202.98953,-10029.951686137232,23636.741484962076,0.030360929962961216,-29999.980525732775,13344.879875907978,-9974.65506348563,-5.989887146961155e+28,1.4115862014819352e+29,6.038788969632986e+28,-5.9669961265682485e+34,9.805817732817181e+26,-7.32937654064924e+26
59879634178.75815,162061053163.24243,-99999878639.69061,-179999944790.84802,95682760395.75546,113532763652.35468,-10033.91087312316,23628.289391019698,0.030373036383542867,-29999.980500026944,13338.95437431653,-9983.541695017126,-5.992251573429152e+28,1.4110814424316964e+29,6.041196936686676e+28,-5.966996121455359e+34,9.801463674247786e+26,-7.335906437498584e+26
59779295070.02692,162297336057.15262,-99999878335.96025,-180299944595.8483,95816149939.49863,113432928235.40451,-10037.853657978121,23619.853804922353,0.030385093257610046,-29999.98047437113,13333.036963241504,-9992.416218276327,-5.994606204544535e+28,1.410577669229963e+29,6.043595048938638e+28,-5.966996116352417e+34,9.797115560589857e+26,-7.342427437189445e+26
59678916533.447136,162533534595.20184,-99999878032.10931,-180599944400.592,95949480309.13104,113333004073.22174,-10041.780116934346,23611.434694043848,0.030397100814800473,-29999.980448765225,13327.127622398017,-10001.278663164121,-5.996951085833192e+28,1.4100748799282987e+29,6.045983352063814e+28,-5.9669961112594035e+34,9.792773376938063e+26,-7.348939561692996e+26
59578498732.277794,162769648942.14227,-99999877728.1383,-180899944205.07965,96082751585.35503,113232991286.5901,-10045.690325843496,23603.03202573732,0.030409059283606356,-29999.980423209137,13321.226331578018,-10010.129059480088,-5.999286262593736e+28,1.4095730725770328e+29,6.048361891509304e+28,-5.966996106176297e+34,9.788437108443527e+26,-7.355442832905969e+26
59478041829.019356,163005679262.39966,-99999877424.04771,-181199944009.31174,96215963848.6708,113132889995.9953,-10049.584360178493,23594.645767336522,0.03042096889137991,-29999.980397702762,13315.333070649787,-10018.967436922794,-6.001611779898596e+28,1.4090722452253372e+29,6.0507307124954635e+28,-5.966996101103079e+34,9.784106740313463e+26,-7.361937272650868e+26
59377545985.41757,163241625720.07303,-99999877119.83803,-181499943813.28876,96349117179.3773,113032700321.62607,-10053.46229503534,23586.275886157073,0.030432829864338866,-29999.980372246002,13309.447819557437,-10027.793825090084,-6.003927682595106e+28,1.4085723959213005e+29,6.053089860017e+28,-5.966996096039729e+34,9.779782257810805e+26,-7.368422902676193e+26
59277011362.46722,163477488478.9346,-99999876815.50974,-181799943617.01123,96482211657.57288,112932422383.37517,-10057.324205134953,23577.92234949769,0.030444642427571937,-29999.980346838758,13303.570558320427,-10036.608253479391,-6.006234015306595e+28,1.4080735227120022e+29,6.055439378844058e+28,-5.966996090986229e+34,9.775463646253849e+26,-7.374899744656656e+26
59176438120.41587,163713267702.42957,-99999876511.06331,-182099943420.4796,96615247363.15608,112832056300.84038,-10061.170164824962,23569.585124641428,0.030456406805044297,-29999.980321480933,13297.701267033084,-10045.410751488043,-6.008530822433467e+28,1.4075756236435862e+29,6.05777931352331e+28,-5.966996085942557e+34,9.77115089101591e+26,-7.381367820193414e+26
59075826418.767624,163948963553.676,-99999876206.49924,-182399943223.69443,96748224375.82642,112731602193.3255,-10065.000248081526,23561.264178856876,0.030468123219603016,-29999.980296172424,13291.839925864133,-10054.201348413571,-6.010818148154287e+28,1.4070786967613327e+29,6.0601097083790395e+28,-5.966996080908695e+34,9.766843977524964e+26,-7.387827150814292e+26
58975176416.28681,164184576195.46457,-99999875901.81801,-182699943026.65616,96881142775.08505,112631060179.84137,-10068.814528511133,23552.959479399364,0.030479791892982496,-29999.980270913136,13285.986515056231,-10062.98007345403,-6.013096036426849e+28,1.4065827401097301e+29,6.062430607514218e+28,-5.966996075884623e+34,9.762542891263319e+26,-7.394277757974021e+26
58874488271.0017,164420105790.25858,-99999875597.0201,-182999942829.3653,97014002640.23561,112530430379.10683,-10072.6130793524,23544.67099351213,0.030491413045809875,-29999.980245702965,13280.141014925512,-10071.746955708313,-6.015364530989254e+28,1.4060877517325444e+29,6.064742054811584e+28,-5.966996070870319e+34,9.758247617767265e+26,-7.400719663054469e+26
58773762140.208176,164655552500.1937,-99999875292.10597,-183299942631.82233,97146804050.38487,112429712909.54974,-10076.395973477858,23536.398688427485,0.03050298689761042,-29999.980220541816,13274.303405861137,-10080.502024176478,-6.017623675360977e+28,1.4055937296728895e+29,6.067044093934712e+28,-5.966996065865767e+34,9.753958142626764e+26,-7.407152887364876e+26
58672998180.4734,164890916487.07797,-99999874987.07611,-183599942434.02774,97279547084.44348,112328907889.30798,-10080.163283395734,23528.142531367976,0.030514513666812893,-29999.980195429587,13268.473668324857,-10089.245307760073,-6.019873512843933e+28,1.4051006719732957e+29,6.0693367683290846e+28,-5.966996060870944e+34,9.749674451485106e+26,-7.413577452142102e+26
58572196547.63944,165126197912.39166,-99999874681.93097,-183899942235.98203,97412231821.12672,112228015436.23038,-10083.915081251733,23519.9024895475,0.030525993570754913,-29999.980170366176,13262.65178285057,-10097.976835262467,-6.022114086523535e+28,1.4046085766757768e+29,6.071620121223152e+28,-5.9669960558858325e+34,9.745396530038599e+26,-7.419993378550861e+26
58471357396.82693,165361396937.28714,-99999874376.67104,-184199942037.6857,97544858338.95523,112127035667.87775,-10087.651438830808,23511.678530172445,0.03053742682568828,-29999.98014535149,13256.83773004389,-10106.696635389177,-6.024345439269759e+28,1.4041174418218984e+29,6.073894195629399e+28,-5.966996050910411e+34,9.741124364036249e+26,-7.426400687683967e+26
58370480882.43862,165596513722.58887,-99999874071.29677,-184499941839.13922,97677426716.25568,112025968701.52385,-10091.372427558923,23503.47062044278,0.030548813646784304,-29999.980120385422,13251.031490581734,-10115.404736748205,-6.0265676137381895e+28,1.4036272654528428e+29,6.076159034345398e+28,-5.96699604594466e+34,9.736857939279457e+26,-7.432799400562582e+26
58269567158.16303,165831548428.7933,-99999873765.80862,-184799941640.34308,97809937031.1615,111924814654.15637,-10095.078118504816,23495.278727553145,0.03056015424813908,-29999.980095467876,13245.233045211893,-10124.101167850376,-6.0287806523710765e+28,1.4031380456094738e+29,6.078414679954863e+28,-5.96699604098856e+34,9.732597241621699e+26,-7.439189538136456e+26
58168616376.97798,166066501216.06885,-99999873460.20708,-185099941441.29776,97942389361.61362,111823573642.47787,-10098.768582381746,23487.102818693944,0.03057144884277879,-29999.98007059875,13239.442374752625,-10132.785957109678,-6.030984597398379e+28,1.4026497803324024e+29,6.080661174828701e+28,-5.966996036042092e+34,9.728342256968229e+26,-7.445571121284191e+26
58067628691.15417,166301372244.2558,-99999873154.49258,-185399941242.00375,98074783785.36115,111722245782.90678,-10102.443889549244,23478.942861052397,0.030582697642664934,-29999.98004577795,13233.65946009225,-10141.459132843594,-6.033179490838809e+28,1.4021624676620493e+29,6.082898561126055e+28,-5.966996031105234e+34,9.724092971275786e+26,-7.451944170813474e+26
57966604252.258675,166536161672.86633,-99999872848.6656,-185699941042.46155,98207120379.96207,111620831191.57835,-10106.104110014849,23470.798821813594,0.030593900858699598,-29999.980021005373,13227.884282188747,-10150.120723273456,-6.035365374500868e+28,1.401676105638708e+29,6.08512688079535e+28,-5.966996026177968e+34,9.719849370552291e+26,-7.458308707461336e+26
57865543211.15852,166770869661.08447,-99999872542.7266,-185999940842.6716,98339399222.78395,111519329984.34563,-10109.749313435845,23462.67066816152,0.030605058700730648,-29999.97999628092,13222.116822069354,-10158.77075652478,-6.037542289983887e+28,1.4011906923026061e+29,6.087346175575326e+28,-5.966996021260275e+34,9.715611440856561e+26,-7.464664751894408e+26
57764445718.02416,167005496367.76608,-99999872236.67601,-186299940642.6344,98471620391.00464,111417742276.78038,-10113.379569120983,23454.558367280097,0.03061617137755694,-29999.97997160449,13216.357060830187,-10167.409260627615,-6.039710278679052e+28,1.4007062256939675e+29,6.089556486996075e+28,-5.966996016352133e+34,9.711379168298021e+26,-7.471012324709171e+26
57663311922.332954,167240041951.43887,-99999871930.5143,-186599940442.35043,98603783961.61295,111316068184.1741,-10116.994946032208,23446.461886354173,0.03062723909693351,-29999.979946975986,13210.604979635846,-10176.036263516893,-6.041869381770435e+28,1.4002227038530713e+29,6.091757856380075e+28,-5.966996011453523e+34,9.707152539036419e+26,-7.477351446432213e+26
57562141972.872635,167474506570.30243,-99999871624.24191,-186899940241.8202,98735890011.4093,111214307821.53894,-10120.595512786369,23438.381192570534,0.030638262065576717,-29999.979922395305,13204.860559719034,-10184.651793032768,-6.04401964023602e+28,1.3997401248203124e+29,6.093950324843209e+28,-5.966996006564426e+34,9.702931539281547e+26,-7.483682137520478e+26
57460936017.744774,167708890382.22815,-99999871317.8593,-187199940041.04413,98867938617.00648,111112461303.60861,-10124.18133765693,23430.316253118872,0.0306492404891694,-29999.97989786235,13199.123782380186,-10193.255876920974,-6.046161094848719e+28,1.3992584866362591e+29,6.096133933295793e+28,-5.966996001684821e+34,9.698716155292961e+26,-7.490004418361532e+26
57359694204.3682,167943193544.75934,-99999871011.3669,-187499939840.02277,98999929854.83029,111010528744.8394,-10127.752488575667,23422.26703519277,0.030660174572365993,-29999.979873377022,13193.39462898709,-10201.848542833168,-6.048293786177389e+28,1.3987777873417123e+29,6.098308722443595e+28,-5.966995996814689e+34,9.694506373379713e+26,-7.496318309273811e+26
57258416679.482445,168177416215.11127,-99999870704.76515,-187799939638.75653,99131863801.12016,110908510259.41107,-10131.309033134368,23414.233505990647,0.03067106451879763,-29999.97984893922,13187.673080974522,-10210.429818327284,-6.050417754587845e+28,1.3982980249777616e+29,6.100474732788848e+28,-5.966995991954011e+34,9.690302179900079e+26,-7.502623830506888e+26
57157103589.1511,168411558550.17117,-99999870398.0545,-188099939437.2459,99263740531.9299,110806405961.2278,-10134.85103858652,23406.215632716703,0.03068191053107723,-29999.979824548845,13181.959119843885,-10218.999730867885,-6.0525330402438695e+28,1.3978191975858415e+29,6.102632004631261e+28,-5.966995987102765e+34,9.686103561261286e+26,-7.508921002241722e+26
57055755078.765236,168645620706.49835,-99999870091.2354,-188399939235.4914,99395560123.12834,110704215963.91911,-10138.378571848985,23398.21338258186,0.030692712810804552,-29999.979800205798,13176.252727162844,-10227.55830782651,-6.054639683108215e+28,1.3973413032077887e+29,6.1047805780690255e+28,-5.966995982260933e+34,9.681910503919257e+26,-7.515209844590919e+26
56954371293.046745,168879602840.32416,-99999869784.30827,-188699939033.49344,99527322650.39996,110601940380.84085,-10141.891699503687,23390.226722804673,0.030703471558571255,-29999.97977590998,13170.553884564975,-10236.10557648203,-6.056737722943602e+28,1.3968643398858952e+29,6.106920492999823e+28,-5.966995977428495e+34,9.677722994378343e+26,-7.521490377598995e+26
56852952376.05171,169113505107.55222,-99999869477.27356,-188999938831.25253,99659028189.24562,110499579325.07603,-10145.390487799272,23382.255620612235,0.030714186973965902,-29999.97975166129,13164.86257374941,-10244.641564021002,-6.058827199313725e+28,1.3963883056629629e+29,6.109051789121817e+28,-5.96699597260543e+34,9.673541019191065e+26,-7.527762621242632e+26
56751498471.17372,169347327663.75833,-99999869170.13168,-189299938628.76913,99790676814.98311,110397132909.43582,-10148.875002652772,23374.300043241077,0.030724859255578985,-29999.979727459628,13159.17877648049,-10253.166297538015,-6.060908151584236e+28,1.3959131985823573e+29,6.11117450593466e+28,-5.966995967791719e+34,9.669364564957864e+26,-7.534026595430933e+26
56650009721.147194,169581070664.19073,-99999868862.88309,-189599938426.04373,99922268602.74791,110294601246.46043,-10152.345309651266,23366.35995793805,0.030735488601007898,-29999.979703304896,13153.502474587425,-10261.67980403605,-6.062980618923736e+28,1.3954390166880604e+29,6.113288682740471e+28,-5.966995962987344e+34,9.66519361832684e+26,-7.540282320005689e+26
56548486268.05068,169814734263.7701,-99999868555.5282,-189899938223.07678,100053803627.49379,110191984448.42007,-10155.801474053522,23358.43533196119,0.0307460752068619,-29999.979679196997,13147.833649963946,-10270.18211042683,-6.065044640304763e+28,1.3949657580247223e+29,6.1153943586448315e+28,-5.966995958192283e+34,9.661028165993508e+26,-7.546529814741634e+26
56446928253.31015,170048318617.08972,-99999868248.06744,-190199938019.86874,100185281963.99342,110089282627.31581,-10159.243560791647,23350.526132580584,0.030756619268767067,-29999.979655135827,13142.172284567972,-10278.67324353117,-6.067100254504772e+28,1.3944934206377125e+29,6.1174915725577695e+28,-5.966995953406516e+34,9.656868194700546e+26,-7.552769099346703e+26
56345335817.70223,170281823878.41553,-99999867940.50125,-190499937816.4201,100316703686.8391,109986495894.8805,-10162.671634472717,23342.632327079213,0.030767120981371215,-29999.97963112129,13136.518360421276,-10287.153230079337,-6.069147500107107e+28,1.3940220025731707e+29,6.119580363194735e+28,-5.966995948630024e+34,9.652713691237553e+26,-7.559000193462297e+26
56243709101.357506,170515250201.6863,-99999867632.83005,-190799937612.73132,100448068870.44331,109883624362.5797,-10166.085759380412,23334.753882753786,0.030777580538348805,-29999.979607153284,13130.871859609157,-10295.622096711397,-6.0711864155019825e+28,1.3935515018780563e+29,6.121660769077577e+28,-5.966995943862788e+34,9.648564642440808e+26,-7.565223116663534e+26
56142048243.7637,170748597740.51385,-99999867325.05424,-191099937408.80286,100579377589.0394,109780668141.61258,-10169.485999476636,23326.89076691557,0.03078799813240583,-29999.979583231714,13125.232764280105,-10304.079869977568,-6.073217038887447e+28,1.393081916600198e+29,6.123732828535519e+28,-5.966995939104787e+34,9.644421035193021e+26,-7.571437888459517e+26
56040353383.768936,170981866648.183,-99999867017.17427,-191399937204.63516,100710629916.6822,109677627342.91281,-10172.872418403133,23319.042946891197,0.030798373955284678,-29999.979559356478,13119.601056645484,-10312.526576338574,-6.075239408270351e+28,1.3926132447883424e+29,6.125796579706122e+28,-5.966995934356003e+34,9.640282856423101e+26,-7.577644528293584e+26
55938624659.58491,171215057077.65192,-99999866709.19054,-191699937000.22873,100841825927.24866,109574502077.14943,-10176.245079483098,23311.21039002346,0.03080870819776898,-29999.979535527476,13113.976718979211,-10320.962242165997,-6.077253561467307e+28,1.3921454844922012e+29,6.1278520605362495e+28,-5.966995929616415e+34,9.636150093105925e+26,-7.583843055543575e+26
55836862208.79008,171448169181.55215,-99999866401.10345,-191999936795.584,100972965694.43845,109471292454.72777,-10179.604045722786,23303.393063672127,0.030819001049688436,-29999.979511744612,13108.359733617437,-10329.386893742627,-6.0792595361056484e+28,1.3916786337624994e+29,6.12989930878303e+28,-5.966995924886003e+34,9.632022732262093e+26,-7.590033489522082e+26
55735066168.33285,171681203112.18887,-99999866092.91344,-192299936590.70145,101104049291.77463,109367998585.79034,-10182.949379813099,23295.590935214685,0.03082925269992362,-29999.979488007786,13102.750082958228,-10337.800557262815,-6.081257369624383e+28,1.3912126906510211e+29,6.131938362014808e+28,-5.966995920164749e+34,9.627900760957706e+26,-7.596215849476717e+26
55633236674.53471,171914159021.54102,-99999865784.62091,-192599936385.5815,101235076792.60422,109264620580.21771,-10186.28114413118,23287.803972047135,0.030839463336410772,-29999.9794643169,13097.147749461259,-10346.203258832822,-6.083247099275141e+28,1.390747653210655e+29,6.133969257612102e+28,-5.966995915452631e+34,9.623784166304133e+26,-7.602390154590357e+26
55531373863.0934,172147037061.26147,-99999865476.22627,-192899936180.22467,101366048270.09883,109161158547.62938,-10189.599400742003,23280.032141584747,0.03084963314614655,-29999.979440671854,13091.552715647504,-10354.59502447117,-6.085228762123125e+28,1.3902835194954412e+29,6.135992032768549e+28,-5.966995910749632e+34,9.619672935457785e+26,-7.608556423981416e+26
55429477869.085976,172379837382.6773,-99999865167.72993,-193199935974.63138,101496963797.25531,109057612597.38467,-10192.904211399939,23272.27541126279,0.030859762315192794,-29999.979417072547,13085.964964098923,-10362.97588010899,-6.087202395048044e+28,1.389820287560614e+29,6.1380067244918465e+28,-5.96699590605573e+34,9.615567055619888e+26,-7.614714676704086e+26
55327548826.97198,172612560136.78995,-99999864859.13231,-193499935768.8021,101627823446.8963,108953982838.58359,-10196.195637550332,23264.533748537295,0.030869851028681238,-29999.979393518883,13080.38447745817,-10371.345851590375,-6.089168034745059e+28,1.3893579554626473e+29,6.140013369604698e+28,-5.966995901370905e+34,9.611466514036263e+26,-7.620864931748607e+26
55225586870.59647,172845205474.27533,-99999864550.43379,-193799935562.73727,101758627291.67088,108850269380.06769,-10199.473740331068,23256.807120885755,0.030879899470818227,-29999.979370010766,13074.811238428281,-10379.704964672721,-6.091125717725714e+28,1.3888965212592973e+29,6.142012004745745e+28,-5.966995896695141e+34,9.607371297997101e+26,-7.627007208041514e+26
55123592133.19316,173077773545.4842,-99999864241.6348,-194099935356.43738,101889375404.05516,108746472330.42096,-10202.738580574121,23249.095495807855,0.030889907824889394,-29999.979346548094,13069.245229772383,-10388.053245027082,-6.093075480318865e+28,1.3884359830096452e+29,6.1440026663705e+28,-5.966995892028416e+34,9.603281394836747e+26,-7.6331415244459e+26
55021564747.38742,173310264500.44226,-99999863932.73572,-194399935149.90286,102020067856.35289,108642591797.97069,-10205.990218807114,23241.398840826172,0.030899876273264338,-29999.979323130767,13063.686434313395,-10396.390718238512,-6.095017358671608e+28,1.387976338774139e+29,6.145985390752276e+28,-5.966995887370709e+34,9.599196791933483e+26,-7.639267899761659e+26
54919504845.19935,173542678488.85052,-99999863623.73695,-194699934943.13416,102150704720.69603,108538627890.7883,-10209.228715254856,23233.717123486884,0.030909804997401254,-29999.97929975869,13058.134834933733,-10404.717409806412,-6.0969513887502e+28,1.3875175866146367e+29,6.147960213983109e+28,-5.966995882722003e+34,9.595117476709307e+26,-7.645386352725751e+26
54817412558.0468,173775015660.0854,-99999863314.6389,-194999934736.13174,102281286069.04536,108434580716.69023,-10212.454129840882,23226.05031136043,0.03091969417785158,-29999.97927643176,13052.590414575025,-10413.033345144875,-6.098877606340976e+28,1.387059724594445e+29,6.14992717197468e+28,-5.966995878082277e+34,9.591043436629728e+26,-7.651496902012454e+26
54715288016.74839,174007276163.199,-99999863005.44196,-195299934528.89606,102411811973.19112,108330450383.23878,-10215.666522188983,23218.39837204222,0.030929543994264595,-29999.979253149886,13047.053156237816,-10421.338549583032,-6.100796047051261e+28,1.3866027507783613e+29,6.151886300459228e+28,-5.966995873451512e+34,9.586974659203547e+26,-7.657599566233611e+26
54613131351.5265,174239460146.91943,-99999862696.14651,-195599934321.42755,102542282504.7535,108226236997.74295,-10218.865951624733,23210.761273153257,0.03093935462539199,-29999.979229912966,13041.52304298129,-10429.633048365393,-6.102706746310291e+28,1.3861466632327126e+29,6.153837634990467e+28,-5.966995868829688e+34,9.58291113198265e+26,-7.663694363938891e+26
54510942692.01025,174471567759.65097,-99999862386.75298,-195899934113.72668,102672697735.1833,108121940667.2593,-10222.052477177005,23203.138982340835,0.03094912624909247,-29999.979206720902,13036.000057922975,-10437.91686665219,-6.104609739370108e+28,1.3856914600253948e+29,6.155781210944492e+28,-5.9669958642167875e+34,9.578852842561801e+26,-7.669781313616028e+26
54408722167.23848,174703599149.47437,-99999862077.26172,-196199933905.79388,102803057735.76253,108017561498.59277,-10225.226157579478,23195.531467279165,0.03095885904233626,-29999.979183573596,13030.484184238472,-10446.190029519716,-6.106505061306465e+28,1.3852371392259118e+29,6.157717063520682e+28,-5.966995859612788e+34,9.574799778578429e+26,-7.675860433691087e+26
54306469905.66268,174935554464.14716,-99999861767.67313,-196499933697.6296,102933362577.60492,107913099598.29758,-10228.387051272148,23187.93869567001,0.030968553181209675,-29999.97916047095,13024.975405161173,-10454.452561960674,-6.108392747019727e+28,1.3847836989054132e+29,6.159645227742604e+28,-5.966995855017672e+34,9.570751927712429e+26,-7.681931742528703e+26
54204186035.14996,175167433851.10385,-99999861457.9876,-196799933489.2343,103063612331.65652,107808555072.67796,-10231.53521640282,23180.36063524333,0.03097820884091959,-29999.979137412865,13019.47370398198,-10462.704488884507,-6.110272831235765e+28,1.3843311371367319e+29,6.161565738458906e+28,-5.9669958504314185e+34,9.566709277685958e+26,-7.687995258432335e+26
54101870682.98593,175399237457.4563,-99999861148.2055,-197099933280.60843,103193807068.69635,107703928027.78912,-10234.670710828606,23172.797253757875,0.03098782619579795,-29999.979114399248,13013.979064049034,-10470.94583511774,-6.112145348506844e+28,1.3838794519944205e+29,6.163478630344212e+28,-5.96699584585401e+34,9.56267181626323e+26,-7.694050999644515e+26
53999523975.87765,175630965429.99387,-99999860838.32724,-197399933071.7524,103323946859.33684,107599218569.43794,-10237.793592117401,23165.248519001816,0.030997405419306234,-29999.979091429996,13008.491468767445,-10479.17662540432,-6.114010333212512e+28,1.3834286415547886e+29,6.16538393790001e+28,-5.966995841285426e+34,9.558639531250317e+26,-7.700098984347094e+26
53897146039.956474,175862617915.1839,-99999860528.35318,-197699932862.66672,103454031774.0245,107494426803.1839,-10240.903917549369,23157.714398793334,0.031006946684039895,-29999.979068505014,13003.010901599013,-10487.396884405947,-6.115867819560484e+28,1.382978703895938e+29,6.167281695455535e+28,-5.966995836725647e+34,9.554612410494954e+26,-7.706139230661489e+26
53794737000.78098,176094195059.17184,-99999860218.2837,-197999932653.35178,103584061883.0405,107389552834.33984,-10244.001744118412,23150.19486098122,0.031016450161732798,-29999.979045624204,12997.537346061967,-10495.606636702416,-6.117717841587516e+28,1.3825296370977985e+29,6.169171937168653e+28,-5.966995832174654e+34,9.550590441886332e+26,-7.712171756648936e+26
53692296983.3398,176325697007.78165,-99999859908.1192,-198299932443.808,103714037256.50111,107284596767.97282,-10247.087128533632,23142.689873445448,0.031025916023261626,-29999.97902278747,12992.070785730697,-10503.805906791946,-6.119560433160286e+28,1.3820814392421622e+29,6.171054697026737e+28,-5.966995827632427e+34,9.546573613354916e+26,-7.718196580310721e+26
53589826112.05446,176557123906.5161,-99999859597.86005,-198599932234.0359,103843957964.35841,107179558708.9049,-10250.160127220794,23135.19940409776,0.03103534443865026,-29999.97899999471,12986.611204235489,-10511.994719091514,-6.121395627976258e+28,1.3816341084127182e+29,6.172930008847537e+28,-5.966995823098948e+34,9.542561912872237e+26,-7.724213719588444e+26
53487324510.78225,176788475900.5571,-99999859287.5066,-198899932024.03583,103973824076.40077,107074438761.71399,-10253.220796323774,23127.723420882212,0.03104473557707417,-29999.97897724583,12981.15858526226,-10520.173097937188,-6.123223459564558e+28,1.3811876426950858e+29,6.174797906280052e+28,-5.966995818574196e+34,9.538555328450708e+26,-7.730223192364245e+26
53384792302.819016,177019753134.76593,-99999858977.05925,-199199931813.8083,104103635662.25339,106969237030.73462,-10256.26919170601,23120.261891775757,0.031054089606864736,-29999.978954540737,12975.712912552299,-10528.34106758446,-6.125043961286829e+28,1.3807420401768484e+29,6.176658422805395e+28,-5.9669958140581525e+34,9.53455384814343e+26,-7.736225016461062e+26
53282229610.901955,177250955753.6837,-99999858666.51836,-199499931603.3537,104233392791.3789,106863953620.05878,-10259.305368951933,23112.81478478877,0.031063406695513603,-29999.978931879326,12970.274169902013,-10536.498652208573,-6.126857166338095e+28,1.3802972989475855e+29,6.178511591737656e+28,-5.966995809550798e+34,9.530557460044e+26,-7.74221920964286e+26
53179636557.21243,177482083901.5316,-99999858355.8843,-199799931392.6725,104363095533.07793,106758588633.5367,-10262.329383368407,23105.382067965602,0.031072687009676976,-29999.978909261506,12964.842341162665,-10544.645875904846,-6.128663107747613e+28,1.3798534170989058e+29,6.18035744622475e+28,-5.966995805052114e+34,9.526566152286325e+26,-7.74820578961488e+26
53077013263.378746,177713137722.21124,-99999858045.15742,-200099931181.7651,104492743956.48955,106653142174.77765,-10265.34128998615,23097.963709385105,0.031081930715179916,-29999.97888668718,12959.417410240118,-10552.78276268901,-6.130461818379729e+28,1.3794103927244786e+29,6.182196019249285e+28,-5.966995800562079e+34,9.522579913044439e+26,-7.754184774023884e+26
52974359850.47888,177944117359.30508,-99999857734.33812,-200399930970.632,104622338130.59195,106547614347.15076,-10268.341143561156,23090.559677161153,0.031091137977020615,-29999.978864156248,12953.999361094584,-10560.909336497529,-6.132253330934723e+28,1.378968223920064e+29,6.1840273436294e+28,-5.966995796080678e+34,9.5185987305323e+26,-7.760156180458384e+26
52871676439.043274,178175022956.0767,-99999857423.42674,-200699930759.27356,104751878124.2029,106442005253.78578,-10271.328998576106,23083.169939443163,0.031100308959374635,-29999.978841668617,12948.588177740376,-10569.025621187922,-6.13403767794965e+28,1.3785269087835458e+29,6.1858514520196145e+28,-5.966995791607888e+34,9.514622593003628e+26,-7.766120026448884e+26
52768963149.05751,178405854655.47113,-99999857112.42366,-200999930547.69025,104881364005.9803,106336314997.5739,-10274.304909241777,23075.794464416602,0.03110944382559916,-29999.97881922419,12943.183844245654,-10577.131640539095,-6.13581489179919e+28,1.3780864454149596e+29,6.187668376911673e+28,-5.966995787143692e+34,9.510651488751706e+26,-7.772076329468127e+26
52666220099.965096,178636612600.1153,-99999856801.32922,-201299930335.88248,105010795844.42276,106230543681.1685,-10277.26892949844,23068.433220303476,0.031118542738237186,-29999.97879682287,12937.786344732178,-10585.227418251658,-6.137585004696468e+28,1.3776468319165237e+29,6.189478150635376e+28,-5.966995782688069e+34,9.506685406109204e+26,-7.778025106931318e+26
52563447410.67011,178867296932.31833,-99999856490.1438,-201599930123.8507,105140173707.87009,106124691406.986,-10280.221113017253,23061.086175362834,0.031127605859021735,-29999.97877446456,12932.39566337506,-10593.312977948244,-6.139348048693904e+28,1.3772080663926685e+29,6.191280805359423e+28,-5.9669957782410005e+34,9.502724333447994e+26,-7.78396637619637e+26
52460645199.53994,179097907794.07196,-99999856178.86774,-201899929911.59537,105269497664.50383,106018758277.20651,-10283.16151320165,23053.75329789125,0.03113663334888002,-29999.978752149163,12927.011784402528,-10601.388343173838,-6.141104055684026e+28,1.3767701469500656e+29,6.193076373092235e+28,-5.966995773802469e+34,9.498768259178978e+26,-7.789900154564136e+26
52357813584.40792,179328445327.05087,-99999855867.5014,-202199929699.11685,105398767782.34785,105912744393.77478,-10286.090183188724,23046.434556223285,0.03114562536793759,-29999.978729876588,12921.634692095671,-10609.453537396084,-6.142853057400306e+28,1.3763330716976546e+29,6.194864885682787e+28,-5.966995769372453e+34,9.494817171751899e+26,-7.795826459278643e+26
52254952682.576035,179558909672.6131,-99999855556.04515,-202499929486.41562,105527984129.26881,105806649858.40082,-10289.007175850595,23039.12991873197,0.031154582075522488,-29999.978707646733,12916.264370788209,-10617.508584005614,-6.144595085417976e+28,1.3758968387466734e+29,6.196646374821422e+28,-5.966995764950935e+34,9.490871059655175e+26,-7.801745307527326e+26
52152062610.81753,179789300971.8004,-99999855244.49933,-202799929273.4921,105657146772.9767,105700474772.56076,-10291.912543795781,23031.839353829266,0.031163503630169342,-29999.978685459504,12910.900804866244,-10625.553506316357,-6.146330171154841e+28,1.3754614462106838e+29,6.198420872040682e+28,-5.966995760537895e+34,9.486929911415716e+26,-7.807656716441258e+26
52049143485.37957,180019619365.3387,-99999854932.86429,-203099929060.34668,105786255781.02536,105594219237.4976,-10294.806339370563,23024.562829966504,0.031172390189623485,-29999.978663314807,12905.54397876803,-10633.588327565856,-6.148058345872101e+28,1.3750268922055998e+29,6.200188408716111e+28,-5.966995756133315e+34,9.482993715598748e+26,-7.81356070309539e+26
51946195421.98586,180249864993.63837,-99999854621.14038,-203399928846.97983,105915311220.81303,105487883354.22194,-10297.688614660336,23017.300315634846,0.031181241910845016,-29999.978641212547,12900.193876983732,-10641.613070915582,-6.1497796406751525e+28,1.374593174849713e+29,6.201949016067074e+28,-5.966995751737175e+34,9.479062460807647e+26,-7.81945728450877e+26
51843218535.83926,180480037996.7947,-99999854309.32796,-203699928633.39197,106044313159.58287,105381467223.51279,-10300.559421490956,23010.051779365713,0.031190058950012867,-29999.97861915263,12894.850484055196,-10649.627759451248,-6.1514940865144e+28,1.3741602922637204e+29,6.203702725157559e+28,-5.966995747349458e+34,9.475136135683758e+26,-7.825346477644777e+26
51740212941.624344,180710138514.58838,-99999853997.42737,-203999928419.5835,106173261664.42342,105274970945.91827,-10303.41881143009,23002.817189731228,0.031198841462528836,-29999.978597134956,12889.513784575709,-10657.632416183118,-6.1532017141860505e+28,1.373728242570749e+29,6.205449566896985e+28,-5.966995742970142e+34,9.47121472890623e+26,-7.831228299411355e+26
51637178753.51004,180940166686.4857,-99999853685.43895,-204299928205.55484,106302156802.26918,105168394621.75644,-10306.266835788547,22995.596515344627,0.031207589603021616,-29999.97857515943,12884.183763189772,-10665.627064046319,-6.15490255433292e+28,1.3732970238963812e+29,6.207189572040999e+28,-5.96699573859921e+34,9.467298229191845e+26,-7.837102766661236e+26
51534116085.15215,181170122651.63913,-99999853373.36305,-204599927991.30643,106430998639.90108,105061738351.11598,-10309.103545621607,22988.38972486068,0.03121630352535079,-29999.978553225967,12878.860404592871,-10673.611725901148,-6.156596637445224e+28,1.3728666343686799e+29,6.208922771192272e+28,-5.966995734236645e+34,9.463386625294842e+26,-7.842969896192163e+26
51431025049.69594,181400006548.88773,-99999853061.20001,-204899927776.83868,106559787243.947,104955002233.85696,-10311.928991730345,22981.196786976114,0.03122498338261082,-29999.978531334462,12873.543693531245,-10681.58642453338,-6.158283993861362e+28,1.3724370721182136e+29,6.210649194801292e+28,-5.966995729882424e+34,9.459479906006758e+26,-7.848829704747127e+26
51327905759.77863,181629818516.75748,-99999852748.95018,-205199927562.15204,106688522680.88232,104848186369.61163,-10314.743224662952,22974.017670429996,0.031233629327134995,-29999.978509484823,12868.233614801658,-10689.551182654573,-6.159964653768715e+28,1.3720083352780795e+29,6.21236887316715e+28,-5.966995725536531e+34,9.455578060156259e+26,-7.854682209014581e+26
51224758327.532005,181859558693.4618,-99999852436.61389,-205499927347.2469,106817205017.03033,104741290857.78508,-10317.546294716045,22966.852344004146,0.031242241510499397,-29999.978487676955,12862.930153251178,-10697.50602290238,-6.1616386472044225e+28,1.3715804219839277e+29,6.21408183643833e+28,-5.966995721198946e+34,9.451681076608965e+26,-7.86052742562867e+26
51121582864.58485,182089227216.90182,-99999852124.19148,-205799927132.12366,106945834318.56285,104634315797.55606,-10320.338251935966,22959.700776523518,0.031250820083526816,-29999.978465910764,12857.633293776951,-10705.45096784084,-6.163306004056159e+28,1.3711533303739846e+29,6.215788114613483e+28,-5.9669957168696505e+34,9.447788944267304e+26,-7.866365371169448e+26
51018379482.06548,182318824224.66705,-99999851811.68329,-206099926916.78278,107074410651.50063,104527261287.87766,-10323.119146120087,22952.562936856586,0.031259365196290655,-29999.978444186156,12852.343021325976,-10713.38603996069,-6.164966754062916e+28,1.3707270585890754e+29,6.217487737542211e+28,-5.966995712548626e+34,9.443901652070327e+26,-7.872196062163114e+26
50915148290.60428,182548349854.0356,-99999851499.08963,-206399926701.22464,107202934081.71388,104420127427.47804,-10325.8890268181,22945.43879391572,0.03126787699811882,-29999.978422503034,12847.059320894885,-10721.311261679662,-6.16662092681577e+28,1.370301604772647e+29,6.219180734925832e+28,-5.966995708235853e+34,9.440019188993561e+26,-7.878019515082216e+26
50811889400.3361,182777804241.97476,-99999851186.41086,-206699926485.44968,107331404674.92284,104312914314.86125,-10328.647943333304,22938.328316657564,0.031276355637597585,-29999.97840086131,12841.782177529722,-10729.226655342787,-6.168268551758649e+28,1.3698769670707898e+29,6.220867136318159e+28,-5.9669957039313145e+34,9.436141544048839e+26,-7.88383574634588e+26
50708602920.90276,183007187525.14133,-99999850873.64731,-206999926269.45828,107459822496.69814,104205622048.30783,-10331.395944723883,22931.231474083386,0.03128480126257547,-29999.978379260883,12836.511576325725,-10737.132243222686,-6.169909658189103e+28,1.3694531436322599e+29,6.22254697112626e+28,-5.966995699634989e+34,9.432268706284143e+26,-7.88964477232003e+26
50605288961.45553,183236499839.88217,-99999850560.7993,-207299926053.2509,107588187612.4614,104098250725.87561,-10334.133079804184,22924.148235239445,0.031293214020167034,-29999.978357701664,12831.247502427113,-10745.028047519874,-6.1715442752590586e+28,1.3690301326084997e+29,6.224220268611223e+28,-5.966995695346861e+34,9.428400664783442e+26,-7.895446609317604e+26
50501947630.657486,183465741322.23456,-99999850247.86716,-207599925836.8279,107716500087.48567,103990800445.4004,-10336.859397145976,22917.07856921734,0.03130159405675671,-29999.978336183558,12825.989941026863,-10752.914090363052,-6.173172431975577e+28,1.3686079321536598e+29,6.22588705788891e+28,-5.966995691066909e+34,9.424537408666538e+26,-7.90124127359877e+26
50398579036.68603,183694912107.92673,-99999849934.85121,-207899925620.18976,107844759986.89594,103883271304.49678,-10339.574945079723,22910.022445154358,0.031309941518002614,-29999.978314706474,12820.738877366497,-10760.790393809402,-6.174794157201611e+28,1.3681865404246184e+29,6.22754736793072e+28,-5.9669956867951175e+34,9.420678927088901e+26,-7.907028781371148e+26
50295183287.23523,183924012332.37827,-99999849621.7518,-208199925403.33682,107972967375.6696,103775663400.55869,-10342.27977169583,22902.979832233807,0.03131825654884029,-29999.978293270313,12815.494296735873,-10768.656979844884,-6.1764094796567505e+28,1.367765955581003e+29,6.229201227564333e+28,-5.966995682531465e+34,9.416825209241519e+26,-7.91280914879002e+26
50191760489.51827,184153042130.7006,-99999849308.56923,-208499925186.26953,108101122318.63696,103667976830.76024,-10344.973924845897,22895.95069968535,0.031326539293486486,-29999.97827187499,12810.256184472968,-10776.513870384522,-6.178018427917971e+28,1.3673461757852092e+29,6.230848665474461e+28,-5.966995678275935e+34,9.412976244350737e+26,-7.918582391958546e+26
50088310750.26981,184382001637.69745,-99999848995.30383,-208799924968.98828,108229224880.48169,103560211692.0564,-10347.657452143962,22888.93501678533,0.031334789895442895,-29999.978250520402,12805.02452596367,-10784.361087272699,-6.179621030420374e+28,1.3669271992024199e+29,6.232489710203591e+28,-5.966995674028508e+34,9.409132021678105e+26,-7.924348526927979e+26
49984834175.748375,184610890987.8653,-99999848681.95593,-209099924751.4935,108357275125.74133,103452368081.18367,-10350.330400967734,22881.93275285711,0.03134300849749989,-29999.978229206463,12799.799306641567,-10792.198652283443,-6.181217315457931e+28,1.3665090240006266e+29,6.234124390152727e+28,-5.966995669789166e+34,9.405292530520223e+26,-7.930107569697874e+26
49881330871.7387,184839710315.39386,-99999848368.52585,-209399924533.78555,108485273118.80775,103344446094.66084,-10352.992818459832,22874.943877271355,0.031351195241740196,-29999.97820793308,12794.58051198774,-10800.026587120721,-6.182807311184212e+28,1.3660916483506455e+29,6.235752733582125e+28,-5.966995665557889e+34,9.401457760208592e+26,-7.935859536216306e+26
49777800943.5541,185068459754.16656,-99999848055.0139,-209699924315.8649,108613218923.92763,103236445828.78964,-10355.644751529,22867.968359446368,0.031359350269542605,-29999.97818670016,12789.368127530559,-10807.844913418718,-6.1843910456131195e+28,1.3656750704261372e+29,6.237374768612024e+28,-5.966995661334661e+34,9.397627700109454e+26,-7.941604442380074e+26
49674244496.03881,185297139437.76102,-99999847741.4204,-209999924097.7319,108741112605.20293,103128367379.65546,-10358.286246851336,22861.006168848384,0.031367473721585624,-29999.978165507604,12784.162138845468,-10815.653652742129,-6.185968546619618e+28,1.3652592884036256e+29,6.23899052322338e+28,-5.966995657119462e+34,9.393802339623649e+26,-7.947342304034916e+26
49570661633.5703,185525749499.4495,-99999847427.74565,-210299923879.387,108868954226.59138,103020210843.12804,-10360.917350871498,22854.05727499187,0.03137556573785115,-29999.97814435533,12778.96253155479,-10823.452826586437,-6.1875398419404585e+28,1.3648443004625145e+29,6.240600025258593e+28,-5.9669956529122745e+34,9.389981668186458e+26,-7.953073136975714e+26
49467052460.061584,185754290072.1994,-99999847113.98999,-210599923660.83054,108996743851.90694,102911976314.86217,-10363.538109803912,22847.121647439806,0.031383626457628065,-29999.97812324324,12773.769291327519,-10831.242456378206,-6.189104959174897e+28,1.3644301047851053e+29,6.242203302422222e+28,-5.96699564871308e+34,9.386165675267461e+26,-7.958796956946705e+26
49363417078.96355,185982761288.6738,-99999846800.15373,-210899923442.06296,109124481544.8202,102803663890.29839,-10366.14856963398,22840.199255803993,0.031391656019515886,-29999.97810217124,12768.582403879122,-10839.02256347535,-6.190663925785413e+28,1.3640166995566145e+29,6.243800382281709e+28,-5.96699564452186e+34,9.382354350370378e+26,-7.964513779641687e+26
49259755593.267204,186211163281.23184,-99999846486.23717,-211199923223.08466,109252167368.859,102695273664.66364,-10368.748776119264,22833.290069745315,0.03139965456142833,-29999.978081139245,12763.401854971333,-10846.793169167422,-6.192216769098425e+28,1.3636040829651904e+29,6.2453912922680955e+28,-5.966995640338596e+34,9.378547683032935e+26,-7.970223620704221e+26
49156068105.50601,186439496181.9293,-99999846172.24062,-211499923003.89606,109379801387.4087,102586805732.97195,-10371.338774790684,22826.39405897403,0.03140762222059693,-29999.978060147158,12758.227630411955,-10854.554294675892,-6.193763516304996e+28,1.3631922532019292e+29,6.24697605967673e+28,-5.966995636163269e+34,9.374745662826705e+26,-7.975926495727846e+26
49052354717.7581,186667760122.51904,-99999845858.1644,-211799922784.49753,109507383663.71283,102478260190.02519,-10373.918610953697,22819.511193250026,0.03141555913357455,-29999.978039194888,12753.059716054662,-10862.305961154423,-6.195304194461548e+28,1.3627812084608917e+29,6.2485547116679775e+28,-5.966995631995863e+34,9.370948279356966e+26,-7.98162242025627e+26
48948615531.64857,186895955234.45154,-99999845544.0088,-212099922564.88947,109634914260.87338,102369637130.41365,-10376.488329689477,22812.641442383097,0.03142346543623896,-29999.978018282345,12747.898097798805,-10870.048189689149,-6.196838830490556e+28,1.3623709469391186e+29,6.250127275267929e+28,-5.966995627836358e+34,9.367155522262562e+26,-7.987311409783586e+26
48844850648.35167,187124081648.87537,-99999845229.77415,-212399922345.0723,109762393241.85136,102260936648.51675,-10379.047975856085,22805.784776233202,0.031431341263796354,-29999.977997409434,12742.742761589208,-10877.781001298947,-6.198367451181254e+28,1.3619614668366468e+29,6.251693777369095e+28,-5.966995623684736e+34,9.36336738121575e+26,-7.992993479754465e+26
48741060168.59311,187352139496.6377,-99999844915.46074,-212699922125.0464,109889820669.46725,102152158838.50377,-10381.597594089637,22798.941164710715,0.03143918675078486,-29999.97797657607,12737.593693415982,-10885.504416935717,-6.199890083190331e+28,1.361552766356524e+29,6.253254244731108e+28,-5.96699561954098e+34,9.359583845922063e+26,-7.998668645564365e+26
48637244192.652214,187580128908.2848,-99999844601.06888,-212999921904.81213,110017196606.40141,102043303794.33441,-10384.13722880546,22792.110577776675,0.03144700203107802,-29999.977955782157,12732.450879314321,-10893.218457484652,-6.201406753042622e+28,1.3611448437048231e+29,6.254808703981418e+28,-5.966995615405071e+34,9.355804906120163e+26,-8.004336922559722e+26
48533402820.36416,187808050014.06256,-99999844286.59886,-213299921684.36996,110144521115.19455,101934371609.75957,-10386.666924199251,22785.29298544304,0.031454787237888256,-29999.977935027604,12727.31430536432,-10900.923143764507,-6.2029174871317935e+28,1.3607376970906585e+29,6.2563571816159734e+28,-5.96699561127699e+34,9.352030551581702e+26,-8.009998326038159e+26
48429536151.12217,188035902943.917,-99999843972.051,-213599921463.72025,110271794258.2482,101825362378.32191,-10389.186724248222,22778.488357772912,0.03146254250377036,-29999.977914312323,12722.183957690773,-10908.618496527872,-6.204422311721039e+28,1.3603313247261984e+29,6.2578997039999245e+28,-5.966995607156721e+34,9.34826077211118e+26,-8.01565287124868e+26
48325644283.879684,188263687827.49472,-99999843657.42557,-213899921242.86337,110399016097.8251,101716276193.35663,-10391.696672712244,22771.696664880787,0.0314702679606249,-29999.977893636224,12717.059822462992,-10916.30453646144,-6.205921252943752e+28,1.3599257248266807e+29,6.259436297368293e+28,-5.966995603044245e+34,9.344495557545807e+26,-8.021300573391866e+26
48221727317.152565,188491404794.14352,-99999843342.72289,-214199921021.79974,110526186696.04973,101607113147.99202,-10394.196813134982,22764.91787693277,0.031477963739701645,-29999.977872999214,12711.941885894608,-10923.98128418628,-6.207414336804212e+28,1.359520895610425e+29,6.260966987826657e+28,-5.966995598939544e+34,9.340734897755358e+26,-8.026941447620078e+26
48117785349.02122,188719053972.91284,-99999843027.94325,-214499920800.52972,110653306114.90868,101497873335.15016,-10396.687188845031,22758.15196414682,0.03148562997160297,-29999.977852401207,12706.830134243392,-10931.648760258096,-6.208901589178253e+28,1.359116835298848e+29,6.262491801351831e+28,-5.9669955948426e+34,9.336978782642043e+26,-8.032575509037649e+26
48013818477.13277,188946635492.55432,-99999842713.08696,-214799920579.05374,110780374416.25111,101388556847.54758,-10399.167842957037,22751.398896792947,0.03149326678628726,-29999.97783184211,12701.724553811056,-10939.306985167495,-6.210383035813943e+28,1.3587135421164748e+29,6.264010763792537e+28,-5.966995590753395e+34,9.333227202140363e+26,-8.038202772701076e+26
47909826798.70319,189174149481.52225,-99999842398.1543,-215099920357.37216,110907391661.78923,101279163777.6959,-10401.638818372814,22744.65864519345,0.03150087431307227,-29999.97781132183,12696.62513094308,-10946.955979340253,-6.211858702332245e+28,1.3583110142909528e+29,6.265523900870074e+28,-5.966995586671912e+34,9.329480146216975e+26,-8.043823253619218e+26
47805810410.51946,189401596067.97418,-99999842083.14555,-215399920135.48538,111034357913.09866,101169694217.90251,-10404.10015778247,22737.93117972311,0.031508452680638434,-29999.977790840283,12691.531852028516,-10954.595763137575,-6.213328614227692e+28,1.357909250053064e+29,6.267031238178985e+28,-5.966995582598132e+34,9.325737604870554e+26,-8.049436966753489e+26
47701769408.941635,189628975379.77142,-99999841768.06102,-215699919913.3938,111161273231.61894,101060148260.27113,-10406.551903665502,22731.216470809406,0.03151600201703228,-29999.977770397378,12686.44470349981,-10962.226356856361,-6.2147927968690386e+28,1.3575082476367378e+29,6.26853280118772e+28,-5.966995578532038e+34,9.32199956813166e+26,-8.055043927018053e+26
47597703889.90498,189856287544.47952,-99999841452.901,-215999919691.09778,111288137678.65395,100950525996.70258,-10408.994098291909,22724.51448893272,0.03152352244966969,-29999.977749993024,12681.363671832614,-10969.847780729466,-6.216251275499928e+28,1.357108005279062e+29,6.270028615239301e+28,-5.966995574473612e+34,9.318266026062604e+26,-8.060644149280011e+26
47493613948.922066,190083532689.36884,-99999841137.66577,-216299919468.59772,111414951315.37227,100840827518.89528,-10411.426783723282,22717.825204626526,0.03153101410533921,-29999.977729627135,12676.288743545607,-10977.46005492595,-6.217704075239544e+28,1.3567085212202963e+29,6.271518705551969e+28,-5.966995570422836e+34,9.314536968757312e+26,-8.066237648359589e+26
47389499681.08483,190310710941.4151,-99999840822.35564,-216599919245.89398,111541714202.80772,100731052918.34602,-10413.850001813898,22711.148588477587,0.03153847711020537,-29999.97770929962,12671.219905200314,-10985.06319955135,-6.21915122108326e+28,1.3563097937038816e+29,6.273003097219847e+28,-5.966995566379694e+34,9.31081238634119e+26,-8.071824439030331e+26
47285361181.06669,190537822427.29987,-99999840506.97087,-216899919022.98697,111668426401.85973,100621202286.35051,-10416.263794211813,22704.484611126143,0.03154591158981188,-29999.977689010386,12666.157143400926,-10992.657234647928,-6.2205927379032945e+28,1.3559118209764534e+29,6.274481815213583e+28,-5.966995562344165e+34,9.307092268970999e+26,-8.077404536019297e+26
47181198543.12457,190764867273.41113,-99999840191.51175,-217199918799.87708,111795087973.29373,100511275714.00403,-10418.66820235993,22697.8332432661,0.03155331766908498,-29999.97766875935,12661.100444794114,-11000.24218019493,-6.2220286504493505e+28,1.3555146012878516e+29,6.275954884381002e+28,-5.966995558316235e+34,9.303376606834715e+26,-8.082977954007234e+26
47077011861.100975,190991845605.84378,-99999839875.97858,-217499918576.56467,111921698977.74167,100401273292.20207,-10421.063267497084,22691.194455645207,0.03156069547233657,-29999.97764854642,12656.049796068863,-11007.818056108836,-6.223458983349259e+28,1.355118132891132e+29,6.2774223294477436e+28,-5.966995554295883e+34,9.2996653901514e+26,-8.088544707628773e+26
46972801228.426,191218757550.40024,-99999839560.37163,-217799918353.05014,112048259475.70236,100291195111.64099,-10423.44903065911,22684.56821906523,0.03156804512326752,-29999.97762837151,12651.005183956284,-11015.384882243621,-6.224883761109621e+28,1.3547224140425757e+29,6.2788841750179085e+28,-5.9669955502830935e+34,9.295958609171077e+26,-8.094104811472613e+26
46868566738.11941,191445603232.59088,-99999839244.69118,-218099918129.33386,112174769527.54193,100181041262.81856,-10425.825532679904,22677.954504382124,0.0315753667449708,-29999.97760823453,12645.966595229442,-11022.942678391002,-6.22630300811644e+28,1.3543274430017004e+29,6.280340445574692e+28,-5.966995546277848e+34,9.292256254174593e+26,-8.099658280081709e+26
46764308482.79261,191672382777.6347,-99999838928.93752,-218399917905.4162,112301229193.49423,100070811836.03465,-10428.192814192484,22671.353282506203,0.03158266045993472,-29999.977588135396,12640.934016703182,-11030.491464280689,-6.227716748635752e+28,1.3539332180312705e+29,6.281791165481016e+28,-5.96699554228013e+34,9.288558315473497e+26,-8.10520512795345e+26
46660026554.65069,191899096310.45978,-99999838613.11092,-218699917681.29755,112427638533.66127,99960506921.39185,-10430.550915630041,22664.764524402308,0.031589926390046055,-29999.977568074013,12635.907435233954,-11038.031259580635,-6.229125006814261e+28,1.353539737397306e+29,6.28323635898016e+28,-5.966995538289921e+34,9.284864783409909e+26,-8.11074536953985e+26
46555721045.494385,192125743955.7038,-99999838297.21165,-218999917456.97827,112553997608.01361,99850126608.79604,-10432.899877226992,22658.188201089954,0.031597164656593235,-29999.977548050298,12630.886837719636,-11045.562083897288,-6.2305278066799594e+28,1.353146999369092e+29,6.2846760501963945e+28,-5.966995534307204e+34,9.281175648356389e+26,-8.116279019247727e+26
46451392046.722115,192352325837.7147,-99999837981.24,-219299917232.45877,112680306476.39081,99739670987.95706,-10435.239739020017,22651.624283643498,0.03160437538026946,-29999.977528064162,12625.872211099364,-11053.083956775832,-6.231925172142755e+28,1.3527550022191898e+29,6.286110263135595e+28,-5.966995530331961e+34,9.277490900715813e+26,-8.121806091438882e+26
46347039649.33192,192578842080.55112,-99999837665.19626,-219599917007.7394,112806565198.5018,99629140148.3893,-10437.570540849101,22645.072743192282,0.031611558681175815,-29999.97750811552,12620.863542353363,-11060.59689770044,-6.233317126995083e+28,1.3523637442234432e+29,6.287539021685869e+28,-5.966995526364176e+34,9.273810530921252e+26,-8.127326600430282e+26
46242663943.92342,192805292807.98303,-99999837349.08067,-219899916782.82056,112932773833.92534,99518534179.4123,-10439.892322358563,22638.53355092079,0.031618714678824406,-29999.977488204284,12615.860818502775,-11068.100926094514,-6.234703694912534e+28,1.3519732236609896e+29,6.288962349618174e+28,-5.966995522403832e+34,9.270134529435839e+26,-8.132840560494249e+26
46138265020.69984,193031678143.49225,-99999837032.89352,-220199916557.7026,113058932442.11037,99407853170.15135,-10442.205122998079,22632.00667806879,0.031625843492141405,-29999.977468330362,12610.864026609484,-11075.596061320934,-6.236084899454453e+28,1.351583438814268e+29,6.290380270586925e+28,-5.966995518450909e+34,9.266462886752648e+26,-8.138347985858622e+26
46033842969.46986,193257998210.27295,-99999836716.63509,-220499916332.3859,113185041082.37646,99297097209.53815,-10444.508982023712,22625.492095931455,0.03163294523947016,-29999.97744849367,12605.873153775956,-11083.082322682294,-6.237460764064561e+28,1.3511943879690266e+29,6.291792808130615e+28,-5.966995514505391e+34,9.262795593394572e+26,-8.14384889070695e+26
45929397879.64962,193484253131.23227,-99999836400.30563,-220799916106.87082,113311099813.91423,99186266386.31133,-10446.80393849892,22618.989775859536,0.03164002003857423,-29999.977428694125,12600.888187145063,-11090.559729421151,-6.238831312071556e+28,1.3508060694143316e+29,6.293199985672414e+28,-5.966995510567261e+34,9.259132639914192e+26,-8.149343289178662e+26
45824929840.26463,193710443028.99088,-99999836083.90543,-221099915881.15775,113437108695.78568,99075360789.01712,-10449.090031295575,22612.499689259465,0.03164706800664043,-29999.977408931638,12595.909113899923,-11098.02830072026,-6.240196566689717e+28,1.3504184814425752e+29,6.294601826520781e+28,-5.966995506636502e+34,9.255474016893664e+26,-8.154831195369247e+26
45720438939.951675,193936568025.88348,-99999835767.43475,-221399915655.24707,113563067786.92467,98964380506.00992,-10451.367299094954,22606.021807593494,0.03165408926028186,-29999.97738920612,12590.93592126373,-11105.488055702817,-6.241556551019507e+28,1.3500316223494834e+29,6.295998353870062e+28,-5.966995502713097e+34,9.251819714944588e+26,-8.16031262333043e+26
45615925266.960724,194162628243.9594,-99999835450.89386,-221699915429.13913,113688977146.1373,98853325625.4529,-10453.635780388759,22599.556102379822,0.03166108391554092,-29999.977369517488,12585.968596499588,-11112.939013432695,-6.242911288048167e+28,1.349645490434123e+29,6.297389590801089e+28,-5.966995498797028e+34,9.248169724707897e+26,-8.165787587070343e+26
45511388909.15684,194388623804.98322,-99999835134.28302,-221999915202.8343,113814836832.1023,98742196235.31857,-10455.89551348009,22593.102545192713,0.03166805208789228,-29999.977349865654,12581.00712691035,-11120.381192914681,-6.24426080065031e+28,1.3492600839989088e+29,6.298775560281774e+28,-5.966995494888278e+34,9.244524036853725e+26,-8.171256100553708e+26
45406829954.02203,194614554830.43515,-99999834817.6025,-222299914976.33295,113940646903.3714,98630992423.38942,-10458.146536484459,22586.66110766262,0.03167499389224589,-29999.977330250535,12576.051499838451,-11127.814613094717,-6.24560511158852e+28,1.3488754013496119e+29,6.300156285167706e+28,-5.966995490986831e+34,9.240882642081293e+26,-8.176718177701998e+26
45302248488.65719,194840421441.51178,-99999834500.85255,-222599914749.63544,114066407418.36978,98519714277.25847,-10460.388887330753,22580.231761476305,0.03168190944294992,-29999.977310672042,12571.10170266575,-11135.239292860128,-6.246944243513926e+28,1.348491440795365e+29,6.301531788202739e+28,-5.966995487092669e+34,9.237245531118794e+26,-8.182173832393621e+26
45197644599.78388,195066223759.12656,-99999834184.03346,-222899914522.74216,114192118435.39644,98408361884.32986,-10462.622603762227,22573.814478376928,0.03168879885379372,-29999.977291130093,12566.157722813363,-11142.655251039856,-6.2482782189668025e+28,1.3481082006486701e+29,6.3029020920195705e+28,-5.966995483205775e+34,9.23361269472326e+26,-8.187623078464086e+26
45093018373.74626,195291961903.91034,-99999833867.14548,-223199914295.65347,114317780012.62457,98296935331.81947,-10464.847723337472,22567.409230164176,0.031695662238010736,-29999.9772716246,12561.219547741504,-11150.062506404702,-6.249607060377139e+28,1.3477256792254047e+29,6.304267219140335e+28,-5.966995479326133e+34,9.229984123680457e+26,-8.193065929706175e+26
44988369896.512886,195517635996.21198,-99999833550.18886,-223499914068.36972,114443392208.10199,98185434706.75543,-10467.06428343139,22561.015988694366,0.03170249970828144,-29999.977252155477,12556.28716494933,-11157.461077667547,-6.250930790065226e+28,1.3473438748448277e+29,6.305627191977179e+28,-5.966995475453724e+34,9.226359808804767e+26,-8.198502399870113e+26
44883699253.67857,195743246156.0989,-99999833233.16386,-223799913840.89127,114568955079.75148,98073860095.97876,-10469.272321236149,22554.634725880544,0.03170931137673624,-29999.977232722642,12551.360561974772,-11164.85098348359,-6.252249430242228e+28,1.346962785829586e+29,6.306982032832839e+28,-5.966995471588533e+34,9.222739740939063e+26,-8.203932502663742e+26
44779006530.46621,195968792503.35773,-99999832916.07076,-224099913613.2185,114694468685.37123,97962211586.14392,-10471.471873762157,22548.265413692574,0.031716097354958346,-29999.97721332601,12546.439726394387,-11172.23224245057,-6.25356300301076e+28,1.3465824105057206e+29,6.308331763901215e+28,-5.966995467730543e+34,9.219123910954595e+26,-8.209356251752678e+26
44674291811.728584,196194275157.49466,-99999832598.90977,-224399913385.35178,114819933082.63518,97850489263.71942,-10473.662977839002,22541.908024157252,0.031722857753986644,-29999.97719396549,12541.524645823192,-11179.604873109,-6.254871530365452e+28,1.3462027472026711e+29,6.309676407267943e+28,-5.966995463879736e+34,9.215512309750882e+26,-8.214773660760492e+26
44569555181.950195,196419694237.73624,-99999832281.6812,-224699913157.29144,114945348329.09341,97738693214.98833,-10475.845670116407,22535.56252935838,0.03172959268431857,-29999.977174641004,12536.615307914513,-11186.968893942396,-6.256175034193519e+28,1.3458237942532824e+29,6.311015984910963e+28,-5.966995460036096e+34,9.211904928255584e+26,-8.220184743268872e+26
44464796725.24903,196645049863.02982,-99999831964.38527,-224999912929.03784,115070714482.17256,97626823526.0489,-10478.019987065178,22529.228901436865,0.031736302255912924,-29999.977155352466,12531.711700359827,-11194.324323377497,-6.257473536275324e+28,1.3454455499938096e+29,6.31235051870108e+28,-5.966995456199606e+34,9.2083017574244e+26,-8.225589512817785e+26
44360016525.37838,196870342152.0442,-99999831647.02225,-225299912700.59137,115196031599.17616,97514880282.81512,-10480.185964978136,22522.9071125908,0.03174298657819273,-29999.97713609979,12526.813810888605,-11201.671179784496,-6.258767058284943e+28,1.3450680127639227e+29,6.313680030402534e+28,-5.966995452370248e+34,9.204702788240947e+26,-8.230987982905648e+26
44255214665.7286,197095571223.1701,-99999831329.59238,-225599912471.95236,115321299737.28505,97402863571.01727,-10482.343639971059,22516.597135075557,0.03174964576004802,-29999.977116882896,12521.921627268162,-11209.009481477258,-6.260055621790717e+28,1.3446911809067124e+29,6.31500454167355e+28,-5.966995448548008e+34,9.201108011716646e+26,-8.236380166989489e+26
44150391229.32889,197320737194.52087,-99999831012.09592,-225899912243.1212,115446518953.55772,97290773476.2025,-10484.493047983604,22510.298941203848,0.031756279909838626,-29999.977097701696,12517.035137303503,-11216.339246713549,-6.2613392482558085e+28,1.3443150527686938e+29,6.316324074066903e+28,-5.966995444732867e+34,9.197517418890614e+26,-8.241766078485115e+26
44045546298.84905,197545840183.93292,-99999830694.53311,-226199912014.0982,115571689304.93076,97178610083.73537,-10486.634224780239,22504.01250334582,0.031762889135397,-29999.97707855611,12512.154328837163,-11223.660493695255,-6.262617959038759e+28,1.3439396266998124e+29,6.317638649030463e+28,-5.96699544092481e+34,9.193931000829547e+26,-8.247145730767274e+26
43940679956.60125,197770880308.96637,-99999830376.90422,-226499911784.88376,115696810848.21913,97066373478.79842,-10488.767205951157,22497.73779392912,0.03176947354403095,-29999.97705944605,12507.279189749066,-11230.973240568605,-6.263891775394032e+28,1.343564901053447e+29,6.318948287907756e+28,-5.966995437123819e+34,9.190348748627613e+26,-8.25251913716981e+26
43835792284.54174,197995857686.90567,-99999830059.20949,-226799911555.4782,115821883640.11662,96954063746.39273,-10490.892026913196,22491.474785438957,0.03177603324252639,-29999.977040371436,12502.409707956367,-11238.277505424385,-6.265160718472561e+28,1.3431908741864145e+29,6.320253011938498e+28,-5.966995433329878e+34,9.186770653406338e+26,-8.257886310985838e+26
43730883364.272606,198220772434.76007,-99999829741.44916,-227099911325.88193,115946907737.19618,96841680971.33849,-10493.008722910745,22485.223450418198,0.0317825683371501,-29999.977021332186,12497.545871413304,-11245.573306298167,-6.266424809322297e+28,1.342817544458975e+29,6.321552842259154e+28,-5.966995429542971e+34,9.183196706314495e+26,-8.263247265467893e+26
43625953277.043495,198445624669.26425,-99999829423.62347,-227399911096.09525,116071883195.91031,96729225238.2755,-10495.11732901665,22478.983761467403,0.03178907893365242,-29999.977002328214,12492.687668111048,-11252.860661170516,-6.267684068888744e+28,1.3424449102348334e+29,6.322847799903465e+28,-5.966995425763082e+34,9.179626898527997e+26,-8.268602013828095e+26
43521002103.75333,198670414506.87894,-99999829105.73268,-227699910866.11853,116196810072.59142,96616696631.66379,-10497.217880133116,22472.7556912449,0.03179556513726999,-29999.97698335944,12487.835086077552,-11260.139587967216,-6.268938518015497e+28,1.3420729698811454e+29,6.324137905803001e+28,-5.9669954219901925e+34,9.176061221249785e+26,-8.273950569238311e+26
43416029924.951996,198895142063.79138,-99999828787.77702,-227999910635.95212,116321688423.4522,96504095235.78412,-10499.310410992603,22466.539212466847,0.03180202705272844,-29999.97696442578,12482.988113377409,-11267.41010455948,-6.270188177444783e+28,1.3417017217685202e+29,6.325423180787687e+28,-5.966995418224287e+34,9.172499665709719e+26,-8.279292944830305e+26
43311036820.84207,199119807455.91605,-99999828469.75676,-228299910405.59637,116446518304.58597,96391421134.73853,-10501.394956158714,22460.334297907284,0.03180846478424506,-29999.976945527153,12478.146738111696,-11274.672228764166,-6.271433067817985e+28,1.3413311642710231e+29,6.326703645586342e+28,-5.9669954144653505e+34,9.168942223164474e+26,-8.284629153695909e+26
43206022871.28049,199344410798.8951,-99999828151.67212,-228599910175.05164,116571299771.96709,96278674412.45088,-10503.471550027089,22454.140920398193,0.03181487843553145,-29999.976926663476,12473.310948417839,-11281.925978343992,-6.272673209676178e+28,1.3409612957661802e+29,6.327979320827205e+28,-5.966995410713365e+34,9.165388884897428e+26,-8.289959208887165e+26
43100988155.78021,199568952208.0991,-99999827833.52333,-228899909944.31827,116696032881.45126,96165855152.66743,-10505.540226826273,22447.959052829538,0.031821268109796214,-29999.976907834665,12468.480732469454,-11289.171371007747,-6.273908623460651e+28,1.3405921146349801e+29,6.329250227038467e+28,-5.966995406968314e+34,9.161839642218555e+26,-8.295283123416492e+26
42995932753.51195,199793431798.62738,-99999827515.31065,-229199909713.3966,116820717688.77596,96052963438.95735,-10507.60102061861,22441.78866814933,0.03182763390974758,-29999.97688904064,12463.656078476211,-11296.408424410507,-6.275139329513434e+28,1.340223619261878e+29,6.330516384648793e+28,-5.966995403230183e+34,9.15829448646432e+26,-8.30060091025684e+26
42890856743.30576,200017849685.30887,-99999827197.03432,-229499909482.28702,116945354249.56071,95939999354.71324,-10509.653965301099,22435.62973936366,0.031833975937595994,-29999.97687028132,12458.836974683692,-11303.63715615384,-6.276365348077816e+28,1.3398558080347978e+29,6.331777813987843e+28,-5.966995399498955e+34,9.154753408997578e+26,-8.305912582341841e+26
42785760203.652756,200242205982.7025,-99999826878.69456,-229799909250.98984,117069942619.30756,95826962983.1517,-10511.699094606276,22429.48223953675,0.0318402942950568,-29999.97685155662,12454.023409373236,-11310.857583786019,-6.277586699298869e+28,1.3394886793451347e+29,6.333034535286796e+28,-5.966995395774611e+34,9.151216401207453e+26,-8.311218152565966e+26
42680643212.706696,200466500805.09787,-99999826560.29163,-230099909019.5054,117194482853.40129,95713854407.31384,-10513.736442103067,22423.346141790982,0.03184658908335275,-29999.976832866465,12449.215370861808,-11318.06972480223,-6.278803403223952e+28,1.3391222315877574e+29,6.334286568678862e+28,-5.96699539205714e+34,9.147683454509257e+26,-8.316517633784679e+26
42575505848.28567,200690734266.51578,-99999826241.82573,-230399908787.83408,117318975007.10991,95600673710.06583,-10515.766041197649,22417.221419306963,0.03185286040321667,-29999.976814210768,12444.41284750185,-11325.27359664478,-6.280015479803236e+28,1.3387564631610118e+29,6.335533934199795e+28,-5.966995388346522e+34,9.14415456034436e+26,-8.321811038814584e+26
42470348187.87369,200914906480.70886,-99999825923.29712,-230699908555.9762,117443419135.58493,95487420974.09938,-10517.787925134307,22411.108045323534,0.03185910835489397,-29999.97679558945,12439.61582768114,-11332.469216703304,-6.281222948890209e+28,1.3383913724667215e+29,6.336776651788411e+28,-5.966995384642741e+34,9.140629710180101e+26,-8.327098380433588e+26
42365170308.622345,201139017561.1621,-99999825604.70604,-230999908323.9321,117567815293.86174,95374096281.93234,-10519.802126996283,22405.005993137816,0.03186533303814523,-29999.97677700243,12434.824299822658,-11339.656602314973,-6.28242583024218e+28,1.3380269579101904e+29,6.338014741287086e+28,-5.966995380945783e+34,9.137108895509688e+26,-8.332379671381043e+26
42259972287.35238,201363067621.09348,-99999825286.0527,-231299908091.70212,117692163536.85997,95260699715.9092,-10521.808679706613,22398.915236105244,0.03187153455224873,-29999.976758449626,12430.038252384435,-11346.835770764694,-6.28362414352079e+28,1.3376632179002053e+29,6.339248222442272e+28,-5.96699537725563e+34,9.133592107852082e+26,-8.337654924357896e+26
42154754200.55531,201587056773.45453,-99999824967.33736,-231599907859.28662,117816463919.38382,95147231358.20155,-10523.807616028982,22392.835747639587,0.03187771299600298,-29999.97673993096,12425.257673859423,-11354.006739285316,-6.284817908292508e+28,1.3373001508490362e+29,6.340477114904992e+28,-5.966995373572268e+34,9.130079338751903e+26,-8.34292415202685e+26
42049516124.39502,201810985130.93094,-99999824648.56023,-231899907626.68594,117940716496.12242,95033691290.8087,-10525.798968568544,22386.76750121298,0.03188386846772923,-29999.97672144635,12420.482552775356,-11361.169525057836,-6.286007144029135e+28,1.3369377551724392e+29,6.341701438231344e+28,-5.966995369895679e+34,9.126570579779331e+26,-8.348187367012498e+26
41944258134.709335,202034852805.94305,-99999824329.72154,-232199907393.90042,118064921321.65018,94920079595.55812,-10527.782769772766,22380.710470355953,0.031890001065274,-29999.97670299572,12415.712877694605,-11368.324145211596,-6.287191870108296e+28,1.3365760292896576e+29,6.342921211882999e+28,-5.966995366225848e+34,9.123065822529995e+26,-8.35344458190148e+26
41838980307.011604,202258659910.6466,-99999824010.82153,-232499907160.9304,118189078450.42712,94806396354.106,-10529.75905193225,22374.66462865744,0.031896110886011526,-29999.97668457898,12410.948637214047,-11375.470616824488,-6.2883721058139395e+28,1.3362149716234223e+29,6.344136455227692e+28,-5.966995362562759e+34,9.119565058624882e+26,-8.358695809242633e+26
41733682716.49228,202482406556.93317,-99999823691.86043,-232799906927.77618,118313187936.79927,94692641647.93776,-10531.72784718155,22368.629949764814,0.03190219802684626,-29999.97666619606,12406.189819964928,-11382.608956923155,-6.289547870336822e+28,1.3358545805999548e+29,6.345347187539721e+28,-5.966995358906396e+34,9.116068279710228e+26,-8.363941061547135e+26
41628365438.02046,202706092856.43082,-99999823372.83846,-233099906694.43814,118437249834.99892,94578815558.36853,-10533.689187500004,22362.6064073839,0.031908262584215336,-29999.976647846877,12401.436414612723,-11389.739182483185,-6.290719182775002e+28,1.3354948546489667e+29,6.34655342800043e+28,-5.966995355256744e+34,9.112575477457428e+26,-8.369180351288644e+26
41523028546.14546,202929718920.50467,-99999823053.75583,-233399906460.9166,118561264199.14505,94464918166.5437,-10535.643104712533,22356.59397527898,0.031914304654090994,-29999.976629531353,12396.688409857004,-11396.861310429313,-6.291886062134326e+28,1.335135792203661e+29,6.347755195698698e+28,-5.966995351613786e+34,9.109086643562926e+26,-8.374413690903459e+26
41417672115.098335,203153284860.25745,-99999822734.61278,-233699906227.2119,118685231083.24362,94350949553.4394,-10537.589630490464,22350.59262727283,0.03192032433198304,-29999.976611249407,12391.94579443131,-11403.975357635618,-6.293048527328905e+28,1.3347773917007335e+29,6.348952509631426e+28,-5.966995347977506e+34,9.105601769748127e+26,-8.379641092790652e+26
41312296218.793434,203376790786.53018,-99999822415.40953,-233999905993.3244,118809150541.18794,94236909799.86305,-10539.52879635232,22344.60233724669,0.031926321712941255,-29999.97659300096,12387.208557103007,-11411.08134092572,-6.294206597181606e+28,1.3344196515803726e+29,6.350145388704015e+28,-5.966995344347891e+34,9.102120847759289e+26,-8.38486256931222e+26
41206900930.82991,203600236809.90265,-99999822096.14632,-234299905759.25443,118933022626.75897,94122798986.4538,-10541.460633664637,22338.62307914033,0.03193229689155781,-29999.976574785935,12382.476686673153,-11418.179277072975,-6.295360290424522e+28,1.3340625702862605e+29,6.351333851730849e+28,-5.966995340724922e+34,9.098643869367433e+26,-8.390078132793221e+26
41101486324.49326,203823623040.69406,-99999821776.82335,-234599905525.0023,119056847393.6257,94008617193.68306,-10543.385173642748,22332.654826952003,0.03193824996196967,-29999.97655660425,12377.750171976373,-11425.269182800666,-6.2965096256994495e+28,1.3337061462655736e+29,6.352517917435767e+28,-5.966995337108585e+34,9.095170826368239e+26,-8.39528779552193e+26
40996052472.756836,204046949588.9636,-99999821457.44086,-234899905290.56833,119180624895.34546,93894364501.85506,-10545.30244735158,22326.697554738486,0.031944181017860965,-29999.97653845583,12373.02900188072,-11432.351074782202,-6.297654621558364e+28,1.3333503779689824e+29,6.353697604452546e+28,-5.966995333498865e+34,9.091701710581953e+26,-8.400491569749961e+26
40890599448.28332,204270216564.511,-99999821137.99905,-235199905055.95288,119304355185.36427,93780040991.10724,-10547.212485706445,22320.751236615066,0.031950090152465346,-29999.976520340595,12368.31316528755,-11439.424969641308,-6.298795296463889e+28,1.3329952638506519e+29,6.354872931325357e+28,-5.966995329895744e+34,9.088236513853293e+26,-8.405689467692434e+26
40785127323.426254,204493424076.87714,-99999820818.49815,-235499904821.15628,119428038317.01715,93665646741.41083,-10549.115319473818,22314.815846755544,0.03195597745856839,-29999.97650225847,12363.60265113139,-11446.490883952218,-6.299931668789764e+28,1.3326408023682412e+29,6.356043916509252e+28,-5.966995326299209e+34,9.084775228051346e+26,-8.41088150152809e+26
40679636170.231514,204716572235.3447,-99999820498.93839,-235799904586.17886,119551674343.52846,93551181832.5713,-10551.010979272123,22308.89135939224,0.0319618430285099,-29999.976484209372,12358.897448379801,-11453.548834239866,-6.3010637568213125e+28,1.3322869919829047e+29,6.357210578370619e+28,-5.966995322709244e+34,9.081317845069478e+26,-8.416067683399454e+26
40574126060.43879,204939661148.93863,-99999820179.31996,-236099904351.02097,119675263318.01225,93436646344.22891,-10552.899495572501,22302.97774881598,0.03196768695418626,-29999.976466193224,12354.197546033261,-11460.598836980074,-6.302191578755898e+28,1.3319338311592905e+29,6.358372935187647e+28,-5.966995319125832e+34,9.077864356825241e+26,-8.421248025412959e+26
40468597065.48306,205162690926.4268,-99999819859.6431,-236399904115.6829,119798805293.47258,93322040355.85912,-10554.780898699586,22297.074989376106,0.03197350932705275,-29999.97644820995,12349.502933125026,-11467.640908599746,-6.303315152703393e+28,1.331581318365541e+29,6.359531005150791e+28,-5.966995315548959e+34,9.074414755260269e+26,-8.426422539639093e+26
40363049256.49606,205385661676.32056,-99999819539.908,-236699903880.16498,119922300322.80383,93207363946.77312,-10556.655218832273,22291.18305548045,0.031979310238125856,-29999.97643025947,12344.813598721008,-11474.675065477048,-6.304434496686634e+28,1.3312294520732926e+29,6.360684806363233e+28,-5.966995311978608e+34,9.070969032340197e+26,-8.431591238112534e+26
40257482704.30774,205608573506.87537,-99999819220.1149,-236999903644.46756,120045748458.79105,93092617196.11835,-10558.522486004478,22285.301921595343,0.031985089777985566,-29999.97641234171,12340.129531919645,-11481.701323941605,-6.3055496286418744e+28,1.3308782307576739e+29,6.3618343568413285e+28,-5.966995308414766e+34,9.067527180054555e+26,-8.43675413283229e+26
40151897479.44769,205831426526.0913,-99999818900.264,-237299903408.59097,120169149754.11024,92977800182.87894,-10560.382730105897,22279.43156224559,0.03199084803677765,-29999.976394456597,12335.450721851776,-11488.719700274682,-6.306660566419242e+28,1.3305276528973068e+29,6.362979674515075e+28,-5.966995304857417e+34,9.064089190416684e+26,-8.441911235761835e+26
40046293652.14664,206054220841.71378,-99999818580.35553,-237599903172.53555,120292504261.32877,92862912985.87619,-10562.235980882764,22273.571952014478,0.031996585104215935,-29999.976376604045,12330.777157680512,-11495.730210709367,-6.307767327783187e+28,1.3301777169743047e+29,6.36412077722855e+28,-5.966995301306544e+34,9.06065505546364e+26,-8.447062558829243e+26
39940671292.33781,206276956561.23392,-99999818260.38968,-237899902936.3016,120415812032.90558,92747955683.7691,-10564.082267938596,22267.723065543734,0.03200230106958456,-29999.97635878398,12326.108828601115,-11502.732871430768,-6.30886993041293e+28,1.329828421474272e+29,6.365257682740368e+28,-5.966995297762134e+34,9.057224767256099e+26,-8.452208113927327e+26
39835030469.658424,206499633791.88934,-99999817940.36667,-238199902699.88943,120539073121.19159,92632928355.0548,-10565.921620734947,22261.88487753354,0.03200799602174021,-29999.97634099633,12321.445723840869,-11509.72769857618,-6.309968391902911e+28,1.329479764886303e+29,6.366390408724127e+28,-5.96699529422417e+34,9.05379831787827e+26,-8.457347912913777e+26
39729371253.45107,206722252640.66467,-99999817620.28671,-238499902463.2994,120662287578.43,92517831078.06903,-10567.754068592147,22256.057362742486,0.03201367004911439,-29999.976323241015,12316.787832658958,-11516.714708235282,-6.311062729763231e+28,1.3291317457029813e+29,6.367518972768851e+28,-5.966995290692638e+34,9.050375699437801e+26,-8.462481967611285e+26
39623693712.76515,206944813214.29208,-99999817300.15001,-238799902226.53183,120785455456.75658,92402663930.98668,-10569.579640690035,22250.240495987575,0.03201932323971559,-29999.976305517957,12312.135144346343,-11523.693916450311,-6.31215296142009e+28,1.328784362420378e+29,6.36864339237943e+28,-5.966995287167521e+34,9.046956904065693e+26,-8.467610289807689e+26
39517997916.35825,207167315619.25195,-99999816979.95677,-239099901989.587,120908576808.20004,92287426991.82217,-10571.398366068704,22244.43425214419,0.03202495568113156,-29999.976287827085,12307.487648225635,-11530.66533921625,-6.313239104216231e+28,1.328437613538051e+29,6.3697636849770675e+28,-5.966995283648807e+34,9.043541923916197e+26,-8.4727328912561e+26
39412283932.69756,207389759961.7734,-99999816659.70721,-239399901752.46527,121031651684.6823,92172120338.43001,-10573.210273629225,22238.638606146076,0.03203056746053145,-29999.976270168318,12302.845333650977,-11537.628992481,-6.3143211754113735e+28,1.3280914975590438e+29,6.370879867899705e+28,-5.966995280136478e+34,9.040130751166738e+26,-8.477849783675039e+26
39306551829.96127,207612146347.83487,-99999816339.40154,-239699901515.16696,121154680138.01881,92056744048.5052,-10575.015392134377,22232.853532985308,0.03203615866466803,-29999.976252541583,12298.208190007921,-11544.58489214557,-6.31539919218265e+28,1.3277460129898827e+29,6.371991958402471e+28,-5.966995276630521e+34,9.03672337801782e+26,-8.482960978748565e+26
39200801676.03993,207834474883.16473,-99999816019.03995,-239999901277.69238,121277662219.9189,91941298199.58374,-10576.813750209367,22227.079007712277,0.032041729379879855,-29999.976234946804,12293.576206713304,-11551.533054064248,-6.316473171625034e+28,1.3274011583405772e+29,6.373099973658103e+28,-5.966995273130919e+34,9.033319796692935e+26,-8.48806648812641e+26
39095033538.53784,208056745673.24185,-99999815698.62265,-240299901040.04184,121400597981.98604,91825782869.04309,-10578.605376342548,22221.315005435656,0.03204727969209343,-29999.976217383904,12288.949373215131,-11558.473494044782,-6.31754313075177e+28,1.3270569321246174e+29,6.374203930757383e+28,-5.966995269637658e+34,9.029919999438478e+26,-8.493166323424105e+26
38989247484.774414,208278958823.2962,-99999815378.14986,-240599900802.21567,121523487475.71819,91710198134.10265,-10580.390298886141,22215.56150132237,0.03205280968682536,-29999.976199852812,12284.327678992455,-11565.406227848556,-6.318609086494804e+28,1.326713332858972e+29,6.3753038467095645e+28,-5.966995266150724e+34,9.026523978523655e+26,-8.498260496223119e+26
38883443581.78555,208501114438.30942,-99999815057.62177,-240899900564.2142,121646330752.5081,91594544071.82416,-10582.168546056937,22209.81847059757,0.0320583194491845,-29999.97618235345,12279.711113555253,-11572.331271190773,-6.319671055705203e+28,1.326370359064087e+29,6.3763997384427965e+28,-5.966995262670101e+34,9.0231317262404e+26,-8.50334901807098e+26
38777621896.32498,208723212623.01538,-99999814737.03857,-241199900326.03775,121769127863.64366,91478820759.11224,-10583.940145937011,22204.085888544596,0.032063809063874044,-29999.976164885742,12275.099666444312,-11579.248639740617,-6.320729055153583e+28,1.3260280092638833e+29,6.377491622804547e+28,-5.966995259195774e+34,9.01974323490328e+26,-8.508431900481406e+26
38671782494.86561,208945253481.90082,-99999814416.40048,-241499900087.6866,121891878860.3081,91363028272.71484,-10585.705126474422,22198.36373050495,0.03206927861519371,-29999.976147449615,12270.493327231106,-11586.158349121442,-6.321783101530525e+28,1.3256862819857556e+29,6.378579516562028e+28,-5.966995255727728e+34,9.016358496849416e+26,-8.513509154934436e+26
38565925443.60086,209167237119.20587,-99999814095.7077,-241799899849.1611,122014583793.58041,91247166689.22363,-10587.463515483916,22192.651971878255,0.03207472818704177,-29999.976130044997,12265.892085517686,-11593.060414910939,-6.322833211446995e+28,1.3253451757605695e+29,6.3796634364026075e+28,-5.9669952522659495e+34,9.012977504438395e+26,-8.518580792876557e+26
38460050808.44602,209389163638.92465,-99999813774.96042,-242099899610.46155,122137242714.4356,91131236085.07452,-10589.215340647617,22186.950588122225,0.0320801578629172,-29999.97611267181,12261.29593093655,-11599.954852641307,-6.323879401434758e+28,1.3250046891226593e+29,6.380743398934231e+28,-5.966995248810423e+34,9.009600250052178e+26,-8.523646825720833e+26
38354158655.03954,209611033144.80588,-99999813454.15884,-242399899371.58826,122259855673.74496,91015236536.54811,-10590.960629515723,22181.259554752618,0.03208556772592175,-29999.976095329985,12256.70485315054,-11606.841677799432,-6.32492168794679e+28,1.3246648206098264e+29,6.3818194206858355e+28,-5.966995245361134e+34,9.006226726095017e+26,-8.528707264847022e+26
38248249048.744385,209832845740.3534,-99999813133.30316,-242699899132.54156,122382422722.27647,90899168119.77011,-10592.699409507191,22175.578847343208,0.032090957858761975,-29999.97607801944,12252.11884185272,-11613.720905827053,-6.325960087357695e+28,1.3243255687633364e+29,6.3828915181077565e+28,-5.966995241918067e+34,9.002856924993379e+26,-8.533762121601718e+26
38142322054.649315,210054601528.8268,-99999812812.39359,-242999898893.32175,122504943910.695,90783030910.71184,-10594.431707910428,22169.908441525735,0.03209632834375136,-29999.976060740108,12247.537886766255,-11620.592552120937,-6.326994615964107e+28,1.323986932127917e+29,6.383959707572145e+28,-5.966995238481207e+34,8.999490839195844e+26,-8.538811407298465e+26
38036377737.57021,210276300613.24207,-99999812491.4303,-243299898653.92914,122627419289.56267,90666824985.19063,-10596.157551883964,22164.248312989865,0.032101679262812315,-29999.97604349191,12242.961977644305,-11627.456632033049,-6.328025289985104e+28,1.3236489092517547e+29,6.385024005373369e+28,-5.966995235050541e+34,8.996128461173035e+26,-8.543855133217884e+26
37930416162.05138,210497943096.37198,-99999812170.4135,-243599898414.36404,122749848909.33911,90550550418.8703,-10597.876968457134,22158.598437483153,0.03210701069747824,-29999.97602627478,12238.391104269907,-11634.313160870714,-6.329052125562601e+28,1.323311498686494e+29,6.386084427728421e+28,-5.966995231626054e+34,8.992769783417528e+26,-8.5488933106078e+26
37824437392.366806,210719529080.7468,-99999811849.34338,-243899898174.6268,122872232820.3818,90434207287.2616,-10599.589984530754,22152.958790810993,0.03211232272889555,-29999.97600908864,12233.825256455859,-11641.162153896792,-6.330075138761766e+28,1.3229746989872325e+29,6.387140990777324e+28,-5.966995228207731e+34,8.989414798443765e+26,-8.553925950683362e+26
37718441492.5215,210941058668.6549,-99999811528.22015,-244199897934.71768,122994571072.94637,90317795665.72263,-10601.29662687778,22147.32934883657,0.032117615437825674,-29999.975991933417,12229.26442404461,-11648.00362632985,-6.331094345571411e+28,1.32263850871252e+29,6.388193710583526e+28,-5.966995224795556e+34,8.986063498787979e+26,-8.558953064627173e+26
37612428526.25272,211162531962.14328,-99999811207.044,-244499897694.63702,123116863717.18681,90201315629.45932,-10602.996922143988,22141.710087480817,0.03212288890464708,-29999.97597480904,12224.708596908145,-11654.837593344317,-6.33210976190439e+28,1.3223029264243544e+29,6.389242603134304e+28,-5.966995221389518e+34,8.982715877008105e+26,-8.563974663589403e+26
37506398557.03128,211383949063.0181,-99999810885.81512,-244799897454.3851,123239110803.1559,90084767253.52588,-10604.690896848626,22136.10098272236,0.03212814320935726,-29999.975957715433,12220.157764947873,-11661.66407007066,-6.3331214035979994e+28,1.3219679506881795e+29,6.390287684341159e+28,-5.9669952179896e+34,8.979371925683697e+26,-8.56899075868792e+26
37400351648.0628,211605310072.8453,-99999810564.53369,-245099897213.96225,123361312380.80537,89968150612.82516,-10606.37857738508,22130.502010597484,0.0321333784315747,-29999.975940652526,12215.611918094517,-11668.483071595545,-6.33412928641437e+28,1.3216335800728818e+29,6.391328970040207e+28,-5.966995214595787e+34,8.97603163741585e+26,-8.574001361008406e+26
37294287862.28895,211826615092.9513,-99999810243.1999,-245399896973.36877,123483468499.98631,89851465782.1092,-10608.059990021526,22124.913147200063,0.03213859465054088,-29999.975923620248,12211.071046307998,-11675.294612962005,-6.335133426040855e+28,1.3212998131507879e+29,6.39236647599258e+28,-5.966995211208067e+34,8.972695004827117e+26,-8.579006481604481e+26
37188207262.38873,212047864224.4233,-99999809921.81396,-245699896732.60498,123605579210.44939,89734712835.97958,-10609.735160901582,22119.334368681517,0.03214379194512221,-29999.975906618525,12206.53513957733,-11682.098709169597,-6.336133838090425e+28,1.3209666484976602e+29,6.393400217884807e+28,-5.966995207826424e+34,8.969362020561423e+26,-8.584006131497819e+26
37082109910.77972,212269057568.11014,-99999809600.37605,-245999896491.67117,123727644561.84515,89617891848.8879,-10611.404116044958,22113.765651250756,0.032148970393811996,-29999.975889647285,12202.004187920511,-11688.895375174576,-6.337130538102049e+28,1.3206340846926952e+29,6.394430211329206e+28,-5.966995204450844e+34,8.966032677283991e+26,-8.589000321678278e+26
36975995869.61927,212490195224.62265,-99999809278.88635,-246299896250.56766,123849664603.72437,89501002895.13615,-10613.066881348099,22108.206971174135,0.032154130074732376,-29999.975872706455,12197.478181384404,-11695.684625890044,-6.338123541541085e+28,1.3203021203185194e+29,6.3954564718642695e+28,-5.966995201081313e+34,8.96270696768126e+26,-8.593989063104005e+26
36869865200.805786,212711277294.33438,-99999808957.34505,-246599896009.2947,123971639385.53821,89384046048.87726,-10614.723482584828,22102.658304775377,0.03215927106563624,-29999.975855795965,12192.957110044634,-11702.466476186126,-6.33911286379966e+28,1.3199707539611855e+29,6.396479014955048e+28,-5.966995197717817e+34,8.959384884460797e+26,-8.598972366701566e+26
36763717965.979935,212932303877.38214,-99999808635.75233,-246899895767.85266,124093568956.63866,89267021384.1154,-10616.373945406982,22097.11962843554,0.03216439344390917,-29999.975838915743,12188.440964005482,-11709.240940890119,-6.3400985201970495e+28,1.3196399842101706e+29,6.397497855993534e+28,-5.9669951943603415e+34,8.956066420351228e+26,-8.60395024336606e+26
36657554226.52586,213153275073.6665,-99999808314.1084,-247199895526.24182,124215453366.27872,89149928974.7065,-10618.018295345046,22091.590918592938,0.03216949728657133,-29999.975822065717,12183.929733399773,-11716.008034786657,-6.341080525980062e+28,1.3193098096583703e+29,6.398513010299037e+28,-5.966995191008871e+34,8.952751568102154e+26,-8.608922703961236e+26
36551374043.57241,213374190982.85245,-99999807992.41342,-247499895284.46246,124337292663.61272,89032768894.35863,-10619.656557808788,22086.0721517431,0.03217458267027936,-29999.975805245816,12179.42340838877,-11722.767772617872,-6.3420588963234085e+28,1.318980228902098e+29,6.399524493118564e+28,-5.966995187663392e+34,8.949440320484067e+26,-8.613889759319612e+26
36445177477.99432,213595051704.36987,-99999807670.6676,-247799895042.51492,124459086897.69661,88915541216.63245,-10621.288758087883,22080.5633044387,0.032179649671328296,-29999.97578845597,12174.921979162064,-11729.520169083553,-6.343033646330084e+28,1.3186512405410792e+29,6.400532319627198e+28,-5.966995184323892e+34,8.946132670288283e+26,-8.618851420242595e+26
36338964590.413445,213815857337.41425,-99999807348.87111,-248099894800.39948,124580836117.48824,88798246014.9416,-10622.914921352536,22075.06435328949,0.03218469836565341,-29999.975771696107,12170.42543593747,-11736.265238841297,-6.344004791031735e+28,1.3183228431784484e+29,6.401536504928463e+28,-5.966995180990355e+34,8.942828610326853e+26,-8.623807697500585e+26
36232735441.19992,214036607980.94714,-99999807027.02412,-248399894558.11642,124702540371.84761,88680883362.55319,-10624.535072654107,22069.575274962255,0.0321897288288321,-29999.97575496616,12165.933768960922,-11743.002996506677,-6.3449723453890334e+28,1.317995035420746e+29,6.402537064054704e+28,-5.966995177662768e+34,8.939528133432485e+26,-8.628758601833106e+26
36126490090.47338,214257303733.69678,-99999806705.12683,-248699894315.66608,124824199709.53722,88563453332.58812,-10626.149236925723,22064.09604618073,0.032194741136085746,-29999.975738266054,12161.446968506363,-11749.73345665339,-6.345936324292042e+28,1.3176678158779133e+29,6.403534011967454e+28,-5.966995174341118e+34,8.936231232458475e+26,-8.63370414394891e+26
36020228598.104126,214477944694.1586,-99999806383.17941,-248999894073.04874,124945814179.22227,88445955998.02159,-10627.757438982897,22058.62664372555,0.03219973536228154,-29999.97572159572,12156.965024875648,-11756.456633813415,-6.346896742560587e+28,1.31734118316329e+29,6.404527363557798e+28,-5.966995171025389e+34,8.932937900278625e+26,-8.638644334526097e+26
35913951023.714294,214698530960.59586,-99999806061.18205,-249299893830.26468,125067383829.47104,88328391431.68346,-10629.359703524136,22053.16704443418,0.03220471158193434,-29999.975704955094,12152.487928398428,-11763.172542477174,-6.347853614944615e+28,1.3170151358936093e+29,6.405517133646739e+28,-5.966995167715568e+34,8.929648129787165e+26,-8.643579184212227e+26
35807657426.679054,214919062631.0402,-99999805739.13493,-249599893587.31424,125188908708.75502,88210759706.25868,-10630.956055131546,22047.717225200842,0.0322096698692085,-29999.975688344097,12148.015669432056,-11769.881197093675,-6.348806956124559e+28,1.3166896726889943e+29,6.40650333698557e+28,-5.96699516441164e+34,8.926361913898675e+26,-8.648508703624433e+26
35701347866.12774,215139539803.2922,-99999805417.03824,-249899893344.1977,125310388865.44934,88093060894.28775,-10632.546518271442,22042.277162976454,0.03221461029791967,-29999.975671762662,12143.548238361476,-11776.582612070675,-6.349756780711706e+28,1.3163647921729539e+29,6.407485988256223e+28,-5.966995161113593e+34,8.923079245548012e+26,-8.653432903349532e+26
35595022400.94502,215359962574.92197,-99999805094.89214,-250199893100.9153,125431824347.83296,87975295068.16704,-10634.13111729494,22036.846834768563,0.03221953294153663,-29999.97565521072,12139.085625599126,-11783.276801774831,-6.350703103248539e+28,1.3160404929723787e+29,6.408465102071635e+28,-5.966995157821412e+34,8.919800117690237e+26,-8.658351793944145e+26
35488681089.77207,215580331043.26965,-99999804772.69681,-250499892857.4674,125553215204.08896,87857462300.14929,-10635.709876438568,22031.426217641274,0.03222443787318304,-29999.975638688204,12134.62782158483,-11789.963780531853,-6.351645938209114e+28,1.315716773717537e+29,6.409440692976106e+28,-5.966995154535084e+34,8.916524523300534e+26,-8.663265385934805e+26
35382323991.00768,215800645305.44608,-99999804450.45242,-250799892613.85428,125674561482.30481,87739562662.34398,-10637.282819824843,22026.015288715178,0.03222932516563928,-29999.97562219504,12130.174816785704,-11796.643562626648,-6.352585299999397e+28,1.3153936330420706e+29,6.410412775445653e+28,-5.966995151254593e+34,8.913252455374134e+26,-8.66817368981806e+26
35275951162.80943,216020905458.33322,-99999804128.15916,-251099892370.07623,125795863230.47267,87621596226.71771,-10638.849971462872,22020.61402516728,0.03223419489134421,-29999.975605731164,12125.72660169604,-11803.316162303485,-6.353521202957628e+28,1.3150710695829901e+29,6.411381363888362e+28,-5.966995147979928e+34,8.90998390692625e+26,-8.6730767160606e+26
35169562663.0948,216241111598.5849,-99999803805.81721,-251399892126.13354,125917120496.48964,87503563065.09468,-10640.411355248942,22015.22240423093,0.03223904712239691,-29999.975589296504,12121.283166837218,-11809.981593766133,-6.354453661354668e+28,1.3147490819806712e+29,6.412346472644745e+28,-5.966995144711075e+34,8.906718870991988e+26,-8.677974475099355e+26
35063158549.54231,216461263822.6272,-99999803483.42674,-251699891882.02652,126038333328.158,87385463249.15701,-10641.966994967097,22009.840403195747,0.03224388193055849,-29999.975572890995,12116.844502757602,-11816.639871178018,-6.355382689394351e+28,1.3144276688788501e+29,6.413308115988084e+28,-5.966995141448019e+34,8.903457340626286e+26,-8.682866977341608e+26
34956738879.59264,216681362226.65915,-99999803160.98793,-251999891637.75543,126159501773.18558,87267296850.44524,-10643.516914289725,22004.467999407545,0.032248699387253804,-29999.975556514564,12112.410600032432,-11823.291008662367,-6.356308301213824e+28,1.3141068289246187e+29,6.4142663081247815e+28,-5.966995138190746e+34,8.90019930890383e+26,-8.687754233165107e+26
34850303710.449745,216901406906.65323,-99999802838.50093,-252299891393.3206,126280625879.1859,87149063940.35861,-10645.061136778131,21999.105170268263,0.032253499563573186,-29999.975540167146,12107.981449263736,-11829.935020302359,-6.3572305108839e+28,1.3137865607684207e+29,6.415221063194706e+28,-5.966995134939245e+34,8.896944768918993e+26,-8.692636252918172e+26
34743853099.08196,217121397958.35593,-99999802515.96594,-252599891148.72226,126401705693.67853,87030764590.1556,-10646.599685883119,21993.751893235887,0.03225828253027419,-29999.97552384867,12103.557041080223,-11836.57192014127,-6.358149332409399e+28,1.3134668630640472e+29,6.416172395271537e+28,-5.9669951316935e+34,8.893693713785747e+26,-8.697513046919805e+26
34637387102.22313,217341335477.2883,-99999802193.38312,-252899890903.96075,126522741264.08932,86912398870.95418,-10648.132584945553,21988.408145824367,0.03226304835778333,-29999.975507559066,12099.137366137184,-11843.201722182628,-6.359064779729485e+28,1.3131477344686313e+29,6.417120318363105e+28,-5.966995128453498e+34,8.890446136637602e+26,-8.702384625459795e+26
34530905776.37367,217561219558.74655,-99999801870.75264,-253199890659.03635,126643732637.7507,86793966853.73235,-10649.65985719694,21983.073905603553,0.03226779711619776,-29999.97549129827,12094.722415116397,-11849.824440390348,-6.359976866718014e+28,1.3128291736426442e+29,6.418064846411734e+28,-5.966995125219226e+34,8.887202030627528e+26,-8.707250998798828e+26
34424409177.801704,217781050297.80258,-99999801548.07466,-253499890413.94934,126764679861.90187,86675468609.32845,-10651.181525759985,21977.7491501991,0.032272528875286983,-29999.975475066218,12090.31217872603,-11856.440088688883,-6.360885607183863e+28,1.3125111792498902e+29,6.419005993294581e+28,-5.96699512199067e+34,8.883961388927887e+26,-8.712112177168592e+26
34317897362.544106,218000827789.30457,-99999801225.34937,-253799890168.7,126885582983.68913,86556904208.44156,-10652.697613649152,21972.433857292406,0.03227724370449456,-29999.975458862835,12085.906647700534,-11863.048680963371,-6.361791014871274e+28,1.3121937499575026e+29,6.419943772823967e+28,-5.966995118767817e+34,8.880724204730353e+26,-8.716968170771885e+26
34211370386.407616,218220552127.8775,-99999800902.57693,-254099889923.28864,127006442050.16614,86438273721.63193,-10654.208143771233,21967.12800462052,0.03228194167293977,-29999.975442688057,12081.505812800558,-11869.650231059777,-6.36269310346018e+28,1.3118768844359376e+29,6.420878198747719e+28,-5.966995115550654e+34,8.87749047124585e+26,-8.721818989782724e+26
34104828304.969902,218440223407.9237,-99999800579.75752,-254399889677.7155,127127257108.29414,86319577219.32133,-10655.713138925898,21961.83156997607,0.03228662284941931,-29999.975426541816,12077.109664812846,-11876.244752785036,-6.363591886566547e+28,1.311560581358971e+29,6.4218092847495e+28,-5.966995112339167e+34,8.87426018170448e+26,-8.726664644346444e+26
33998271173.580643,218659841723.62347,-99999800256.8913,-254699889431.98093,127248028204.94228,86200814771.79349,-10657.212621806248,21956.544531207175,0.032291287302408926,-29999.975410424046,12072.71819455014,-11882.832259907196,-6.364487377742691e+28,1.3112448394036925e+29,6.422737044449135e+28,-5.966995109133342e+34,8.871033329355443e+26,-8.731505144579808e+26
33891699047.36258,218879407168.93555,-99999799933.97842,-254999889186.08517,127368755386.88777,86081986449.19441,-10658.706614999368,21951.266866217367,0.032295935100065114,-29999.975394334677,12068.331392851087,-11889.412766155563,-6.365379590477623e+28,1.3109296572505013e+29,6.423661491402951e+28,-5.966995105933167e+34,8.867809907466978e+26,-8.736340500571107e+26
33785111981.212585,219098919837.59772,-99999799611.01907,-255299888940.02853,127489438700.81628,85963092321.53285,-10660.195140986873,21945.99855296551,0.03230056631022673,-29999.975378273648,12063.949250580143,-11895.98628522084,-6.36626853819736e+28,1.3106150335831002e+29,6.424582639104096e+28,-5.966995102738629e+34,8.864589909326288e+26,-8.741170722380274e+26
33678510029.802715,219318379823.12738,-99999799288.01341,-255599888693.81128,127610078193.32208,85844132458.68065,-10661.67822214545,21940.73956946571,0.03230518100041663,-29999.97536224089,12059.571758627473,-11902.552830755272,-6.367154234265264e+28,1.3103009670884922e+29,6.425500500982867e+28,-5.966995099549712e+34,8.861373328239467e+26,-8.745995820038974e+26
33571893247.58126,219537787218.82205,-99999798964.96161,-255899888447.4337,127730673910.90836,85725106930.3731,-10663.155880747407,21935.489893787242,0.03230977923784332,-29999.975346236333,12055.198907908867,-11909.112416372778,-6.368036691982352e+28,1.3099874564569741e+29,6.426415090407036e+28,-5.966995096366407e+34,8.858160157531435e+26,-8.750815803550716e+26
33465261688.77379,219757142117.75992,-99999798641.86382,-256199888200.89606,127851225899.98744,85606015806.20937,-10664.628138961198,21930.249504054453,0.032314361089402555,-29999.975330259917,12050.830689365637,-11915.6650556491,-6.368915924587627e+28,1.309674500382132e+29,6.427326420682168e+28,-5.966995093188697e+34,8.85495039054587e+26,-8.755630682890959e+26
33358615407.38418,219976444612.80048,-99999798318.7202,-256499887954.19867,127971734206.8811,85486859155.65288,-10666.095018851973,21925.018378446683,0.03231892662167897,-29999.97531431157,12046.467093964528,-11922.21076212194,-6.369791945258398e+28,1.309362097560836e+29,6.428234505051947e+28,-5.966995090016571e+34,8.851744020645135e+26,-8.760440468007201e+26
33251954457.19566,220195694796.58493,-99999797995.53093,-256799887707.3418,128092198877.82076,85367637048.03166,-10667.556542382103,21919.796495198178,0.03232347590094766,-29999.97529839123,12042.108112697619,-11928.749549291093,-6.3706647671105924e+28,1.3090502466932352e+29,6.429139356698489e+28,-5.9669950868500155e+34,8.84854104121021e+26,-8.765245168819095e+26
33145278891.77184,220414892761.53693,-99999797672.29617,-257099887460.3257,128212619958.94774,85248349552.53876,-10669.012731411707,21914.583832598008,0.0323280089931758,-29999.975282498828,12037.753736582239,-11935.281430618594,-6.371534403199072e+28,1.3087389464827531e+29,6.4300409887426655e+28,-5.9669950836890165e+34,8.84534144564063e+26,-8.770044795218543e+26
33038588764.45772,220634038599.8629,-99999797349.01608,-257399887213.1507,128332997496.31357,85128996738.23257,-10670.463607699186,21909.38036898997,0.03233252596402419,-29999.9752666343,12033.403956660866,-11941.806419528846,-6.372400866517955e+28,1.308428195636081e+29,6.430939414244411e+28,-5.966995080533563e+34,8.842145227354405e+26,-8.774839357069796e+26
32931884128.38073,220853132403.55283,-99999797025.69083,-257699886965.81705,128453331535.88017,85009578674.0373,-10671.909192901743,21904.186082772503,0.03233702687884888,-29999.975250797586,12029.058764001042,-11948.324529408766,-6.373264170000921e+28,1.308117992863174e+29,6.431834646203042e+28,-5.96699507738364e+34,8.838952379787965e+26,-8.779628864209561e+26
32825165036.451714,221072174264.38055,-99999796702.32056,-257999886718.325,128573622123.52019,84890095428.74321,-10673.3495085759,21899.000952398612,0.032341511802702706,-29999.975234988615,12024.718149695276,-11954.835773607914,-6.374124326521528e+28,1.3078083368772452e+29,6.432726697557568e+28,-5.966995074239236e+34,8.835762896396088e+26,-8.784413326447095e+26
32718431541.365955,221291164273.90454,-99999796378.90544,-258299886470.6749,128693869305.01714,84770547071.00713,-10674.784576178026,21893.82495637576,0.032345980800336856,-29999.97521920732,12020.382104860957,-11961.34016543863,-6.374981348893518e+28,1.3074992263947605e+29,6.433615581187e+28,-5.966995071100336e+34,8.83257677065183e+26,-8.789192753564306e+26
32611683695.604176,221510102523.4683,-99999796055.44563,-258599886222.86697,128814073126.06575,84650933669.35274,-10676.21441706484,21888.658073265793,0.03235043393620241,-29999.975203453643,12016.05062064026,-11967.837718176173,-6.375835249871123e+28,1.3071906601354333e+29,6.434501309910659e+28,-5.966995067966929e+34,8.829393996046463e+26,-8.793967155315853e+26
32504921551.43353,221728989104.20096,-99999795731.9413,-258899885974.90152,128934233632.27216,84531255292.17097,-10677.639052493936,21883.500281684835,0.03235487127445192,-29999.975187727516,12011.723688200058,-11974.32844505885,-6.376686042149379e+28,1.3068826368222184e+29,6.435383896488486e+28,-5.966995064839003e+34,8.826214566089402e+26,-8.798736541429244e+26
32398145160.90859,221947824107.0178,-99999795408.3926,-259199885726.7788,129054350869.15416,84411512007.72038,-10679.058503624283,21878.351560303214,0.03235929287894089,-29999.975172028873,12007.401298731831,-11980.812359288155,-6.377533738364422e+28,1.306575155181308e+29,6.436263353621343e+28,-5.9669950617165425e+34,8.82303847430815e+26,-8.803500921604936e+26
32291354575.872345,222166607622.62082,-99999795084.79967,-259499885478.49908,129174424882.14148,84291703884.1275,-10680.472791516737,21873.21188784536,0.03236369881322934,-29999.97515635765,12003.083443451578,-11987.289474028894,-6.378378351093796e+28,1.3062682139421249e+29,6.437139693951316e+28,-5.966995058599536e+34,8.819865714248219e+26,-8.808260305516432e+26
32184549847.957176,222385339741.49927,-99999794761.16267,-259799885230.06265,129294455716.57599,84171830989.3872,-10681.881937134542,21868.081243089706,0.03236808914058331,-29999.975140713785,11998.770113599725,-11993.75980240933,-6.379219892856749e+28,1.3059618118373173e+29,6.43801293006202e+28,-5.966995055487972e+34,8.816696279473077e+26,-8.813014702810375e+26
32077731028.58583,222604020553.93018,-99999794437.48178,-260099884981.4698,129414443417.71199,84051893391.36311,-10683.285961343832,21862.95960486862,0.032372463923976365,-29999.97512509721,11994.461300441038,-12000.223357521301,-6.380058376114537e+28,1.3056559476027542e+29,6.438883074478898e+28,-5.966995052381835e+34,8.813530163564075e+26,-8.817764123106651e+26
31970898168.972393,222822650149.97885,-99999794113.75714,-260399884732.72076,129534388030.7164,83931891157.7879,-10684.684884914137,21857.84695206829,0.03237682322609111,-29999.975109507865,11990.156995264537,-12006.680152420364,-6.380893813270723e+28,1.3053506199775183e+29,6.439750139669522e+28,-5.966995049281114e+34,8.810367360120382e+26,-8.822508575998483e+26
31864051320.123253,223041228619.49954,-99999793789.9889,-260699884483.81586,129654289600.66905,83811824356.2637,-10686.078728518863,21852.74326362863,0.03238116710932066,-29999.975093945683,11985.857189383403,-12013.130200125916,-6.381726216671465e+28,1.3050458277039018e+29,6.440614138043878e+28,-5.966995046185796e+34,8.807207862758924e+26,-8.827248071052522e+26
31757190532.838066,223259756052.13583,-99999793466.17723,-260999884234.7553,129774148172.56288,83691693054.26244,-10687.467512735804,21847.6485185432,0.032385495635770145,-29999.975078410604,11981.561874134897,-12019.57351362133,-6.3825555986058225e+28,1.3047415695274e+29,6.441475081954682e+28,-5.966995043095869e+34,8.804051665114322e+26,-8.831982617808953e+26
31650315857.71071,223478232537.32126,-99999793142.32228,-261299883985.53943,129893963791.30423,83571497319.12622,-10688.851258047616,21842.562695859106,0.032389808867258174,-29999.975062902562,11977.271040880265,-12026.010105854084,-6.3833819713060365e+28,1.304437844196706e+29,6.4423329836976505e+28,-5.966995040011319e+34,8.800898760838819e+26,-8.83671222578158e+26
31543427345.130234,223696658164.27985,-99999792818.4242,-261599883736.16846,130013736501.71303,83451237218.06767,-10690.229984842315,21837.4857746769,0.03239410686531831,-29999.975047421496,11972.984681004658,-12032.439989735887,-6.384205346947831e+28,1.3041346504637045e+29,6.4431878555118115e+28,-5.966995036932135e+34,8.797749143602223e+26,-8.84143690445793e+26
31436525045.28181,223915033022.0266,-99999792494.48312,-261899883486.64267,130133466348.52307,83330912818.17032,-10691.603713413759,21832.41773415049,0.03239838969120051,-29999.97503196734,11968.702785917045,-12038.86317814281,-6.385025737650697e+28,1.3038319870834674e+29,6.444039709579781e+28,-5.966995033858304e+34,8.794602807091845e+26,-8.846156663299337e+26
31329609008.147675,224133357199.3681,-99999792170.49922,-262199883236.96234,130253153376.38225,83210524186.38889,-10692.97246396213,21827.35855348704,0.032402657405872615,-29999.975016540033,11964.42534705012,-12045.279683915416,-6.3858431554781845e+28,1.303529852814246e+29,6.444888558028063e+28,-5.966995030789812e+34,8.791459745012429e+26,-8.850871511741047e+26
31222679283.508053,224351630784.90298,-99999791846.47264,-262499882987.12775,130372797629.85275,83090071389.54973,-10694.336256594415,21822.308211946875,0.032406910070021756,-29999.97500113951,11960.15235586023,-12051.689519858883,-6.386657612438185e+28,1.3032282464174674e+29,6.445734412927327e+28,-5.966995027726648e+34,8.788319951086097e+26,-8.855581459192307e+26
31115735920.94211,224569853867.02246,-99999791522.40353,-262799882737.13913,130492399153.41136,82969554494.35114,-10695.695111324883,21817.26668884338,0.03241114774405581,-29999.974985765715,11955.883803827272,-12058.09269874313,-6.387469120483221e+28,1.3029271666577269e+29,6.446577286292701e+28,-5.966995024668801e+34,8.785183419052279e+26,-8.860286515036451e+26
31008778969.828857,224788026533.9109,-99999791198.29205,-263099882486.9968,130611957991.44963,82848973567.36371,-10697.049048075558,21812.23396354292,0.032415370488104826,-29999.974970418578,11951.619682454622,-12064.489233302953,-6.388277691510724e+28,1.3026266123027833e+29,6.44741719008405e+28,-5.966995021616255e+34,8.782050142667657e+26,-8.86498668863101e+26
30901808479.348103,225006148873.54633,-99999790874.13835,-263399882236.701,130731474188.27417,82728328675.03069,-10698.398086676692,21807.210015464716,0.03241957836202244,-29999.97495509804,11947.35998326905,-12070.879136238136,-6.389083337363321e+28,1.302326582123553e+29,6.448254136206262e+28,-5.966995018569e+34,8.778920115706099e+26,-8.869681989307782e+26
30794824498.481335,225224220973.70096,-99999790549.94257,-263699881986.25198,130850947788.10686,82607619883.6683,-10699.742246867238,21802.19482408077,0.032423771425387285,-29999.97493980404,11943.104697820629,-12077.26242021359,-6.389886069829115e+28,1.3020270748941036e+29,6.44908813650953e+28,-5.966995015527023e+34,8.775793331958598e+26,-8.874372426372946e+26
30687827076.01266,225442242921.94177,-99999790225.70485,-263999881735.65002,130970378835.08507,82486847259.46617,-10701.08154829531,21797.188368915748,0.03242794973750442,-29999.974924536516,11938.853817682651,-12083.63909785947,-6.390685900641959e+28,1.3017280893916484e+29,6.449919202789629e+28,-5.966995012490313e+34,8.772669785233212e+26,-8.879058009107138e+26
30580816260.52971,225660214805.63092,-99999789901.42535,-264299881484.8954,131089767373.2619,82366010868.48758,-10702.416010518651,21792.190629546894,0.03243211335740669,-29999.974909295404,11934.607334451555,-12090.009181771298,-6.391482841481738e+28,1.3014296243965407e+29,6.450747346788191e+28,-5.966995009458855e+34,8.769549469355002e+26,-8.88373874676555e+26
30473792100.424522,225878136711.9264,-99999789577.10422,-264599881233.98834,131209113446.60641,82245110776.66986,-10703.7456530051,21787.20158560393,0.03243626234385615,-29999.974894080642,11930.365239746832,-12096.372684510092,-6.392276903974646e+28,1.3011316786922668e+29,6.4515725801929885e+28,-5.966995006432639e+34,8.766432378165972e+26,-8.888414648578015e+26
30366754643.89447,226096008727.78244,-99999789252.7416,-264899880982.92914,131328417099.00388,82124147049.82475,-10705.07049513304,21782.221216768943,0.03244039675534542,-29999.97487889217,11926.127525210948,-12102.729618602485,-6.3930680996934525e+28,1.3008342510654414e+29,6.452394914638204e+28,-5.966995003411653e+34,8.763318505525005e+26,-8.893085723749106e+26
30259703938.94314,226313830939.95013,-99999788928.33763,-265199880731.71805,131447678374.25598,82003119753.63873,-10706.390556191864,21777.249502776307,0.03244451665009907,-29999.974863729927,11921.894182509259,-12109.079996540851,-6.393856440157781e+28,1.3005373403058012e+29,6.453214361704705e+28,-5.966995000395882e+34,8.760207845307803e+26,-8.897751981458217e+26
30152640033.381218,226531603434.9779,-99999788603.89247,-265499880480.35535,131566897316.08107,81882028953.67332,-10707.705855382424,21772.28642341256,0.032448622086075005,-29999.97484859385,11917.665203329932,-12115.423830783422,-6.394641936834385e+28,1.300240945206198e+29,6.454030932920318e+28,-5.9669949973853165e+34,8.757100391406834e+26,-8.902413430859659e+26
30045562974.827393,226749326299.21204,-99999788279.40625,-265799880228.84128,131686073968.11436,81760874715.3655,-10709.016411817489,21767.33195851631,0.03245271312096579,-29999.97483348388,11913.440579383865,-12121.761133754411,-6.395424601137405e+28,1.2999450645625942e+29,6.454844639760095e+28,-5.966994994379943e+34,8.753996137731264e+26,-8.907070081082742e+26
29938472810.709217,226966999618.7972,-99999787954.87912,-266099879977.17612,131805208373.9082,81639657104.02795,-10710.322244522185,21762.386087978153,0.032456789812200015,-29999.974818399958,11909.2203024046,-12128.091917844138,-6.39620444442865e+28,1.2996496971740553e+29,6.455655493646583e+28,-5.966994991379751e+34,8.7508950782069e+26,-8.911721941231872e+26
29831369588.263996,227184623479.677,-99999787630.31122,-266399879725.3601,131924300576.93225,81518376184.84952,-10711.623372434451,21757.44879174054,0.03246085221694367,-29999.97480334202,11905.004364148246,-12134.416195409141,-6.396981478017855e+28,1.299354841842745e+29,6.4564635059500955e+28,-5.966994988384727e+34,8.747797206776132e+26,-8.916369020386636e+26
29724253354.53965,227402197967.59442,-99999787305.7027,-266699879473.39352,132043350620.57373,81397032022.89543,-10712.919814405479,21752.52004979769,0.03246490039210144,-29999.974788310003,11900.792756393399,-12140.733978772307,-6.397755713162952e+28,1.2990604973739182e+29,6.457268687988976e+28,-5.966994985394859e+34,8.74470251739787e+26,-8.921011327601891e+26
29617124156.395596,227619723168.0924,-99999786981.0537,-266999879221.2766,132162358548.13766,81275624683.10771,-10714.211589200155,21747.599842195505,0.03246893439431805,-29999.974773303853,11896.585470941061,-12147.04528022298,-6.3985271610703325e+28,1.2987666625759156e+29,6.458071051029859e+28,-5.966994982410136e+34,8.741611004047492e+26,-8.925648871907845e+26
29509982040.503593,227837199166.51437,-99999786656.36435,-267299878969.00964,132281324402.84708,81154154230.30548,-10715.4987154975,21742.688149031434,0.03247295427997959,-29999.974758323508,11892.382499614561,-12153.350112017086,-6.399295832895108e+28,1.2984733362601572e+29,6.458870606287941e+28,-5.966994979430545e+34,8.738522660716779e+26,-8.930281662310154e+26
29402827053.348618,228054626048.0047,-99999786331.63481,-267599878716.59286,132400248227.84322,81032620729.1853,-10716.78121189111,21737.784950454392,0.03247696010521485,-29999.974743368904,11888.183834259475,-12159.648486377253,-6.400061739741371e+28,1.2981805172411363e+29,6.459667364927233e+28,-5.966994976456075e+34,8.735437481413862e+26,-8.934909707790006e+26
29295659241.229706,228272003897.50925,-99999786006.8652,-267899878464.02655,132519130066.1858,80911024244.32153,-10718.059096889585,21732.890226664655,0.03248095192589658,-29999.974728439985,11883.989466743546,-12165.940415492923,-6.400824892662461e+28,1.2978882043364133e+29,6.46046133806083e+28,-5.966994973486713e+34,8.732355460163158e+26,-8.9395330173042e+26
29188478650.26081,228489332799.77588,-99999785682.05568,-268199878211.31094,132637969960.85324,80789364840.16661,-10719.332388916968,21728.00395791375,0.03248492979764284,-29999.97471353669,11879.799388956608,-12172.225911520476,-6.401585302661213e+28,1.2975963963666091e+29,6.461252536751161e+28,-5.966994970522447e+34,8.729276591005315e+26,-8.944151599785246e+26
29081285326.371643,228706612839.355,-99999785357.20638,-268499877958.44632,132756767954.74281,80667642581.0514,-10720.60110631317,21723.126124504353,0.032488893775818276,-29999.974698658956,11875.613592810505,-12178.504986583339,-6.402342980690225e+28,1.2973050921554001e+29,6.462040972010254e+28,-5.966994967563266e+34,8.726200867997159e+26,-8.948765464141437e+26
28974079315.30851,228923844100.60007,-99999785032.31744,-268799877705.43292,132875524090.67091,80545857531.18558,-10721.865267334399,21718.256706790195,0.032492843915535384,-29999.97468380673,11871.432070239016,-12184.777652772107,-6.403097937652103e+28,1.2970142905295104e+29,6.462826654799988e+28,-5.966994964609158e+34,8.723128285211629e+26,-8.953374619256944e+26
28866860662.635166,229141026667.66797,-99999784707.389,-269099877452.271,132994238411.3733,80424009754.65785,-10723.124890153584,21713.39568517594,0.03249678027165583,-29999.97466897995,11867.254813197773,-12191.04392214466,-6.40385018439972e+28,1.2967239903187072e+29,6.463609596032345e+28,-5.966994961660111e+34,8.720058836737723e+26,-8.957979073991896e+26
28759629413.73363,229358160624.5197,-99999784382.4212,-269399877198.9608,133112910959.50528,80302099315.4364,-10724.379992860804,21708.5430401171,0.03250070289879171,-29999.974654178557,11863.08181366419,-12197.303806726273,-6.4045997317364724e+28,1.2964341903557933e+29,6.46438980656967e+28,-5.966994958716114e+34,8.716992516680447e+26,-8.962578837182465e+26
28652385613.805023,229575246054.9209,-99999784057.41417,-269699876945.50256,133231541777.64192,80180126277.36914,-10725.630593463704,21703.69875211991,0.032504611851306785,-29999.97463940249,11858.91306363738,-12203.557318509738,-6.405346590416524e+28,1.2961448894766012e+29,6.465167297224919e+28,-5.966994955777155e+34,8.713929319160747e+26,-8.967173917640955e+26
28545129307.870388,229792283042.4421,-99999783732.36806,-269999876691.89658,133350130908.27829,80058090704.18404,-10726.87670988791,21698.862801741245,0.03250850718331779,-29999.974624651695,11854.748555138081,-12209.804469455472,-6.406090771145061e+28,1.2958560865199871e+29,6.4659420787619085e+28,-5.966994952843222e+34,8.710869238315463e+26,-8.971764324155881e+26
28437860540.771507,230009271670.45953,-99999783407.28299,-270299876438.1431,133468678393.82967,79935992659.48949,-10728.118359977454,21694.035169588493,0.03251238894869565,-29999.974609926106,11850.588280208582,-12216.045271491632,-6.406832284578536e+28,1.2955677803278248e+29,6.466714161895565e+28,-5.966994949914302e+34,8.707812268297266e+26,-8.976350065492051e+26
28330579357.171734,230226212022.15543,-99999783082.1591,-270599876184.24237,133587184276.63174,79813832206.77457,-10729.35556149518,21689.215836319465,0.03251625720106676,-29999.97459522567,11846.43223091264,-12222.279736514229,-6.407571141324922e+28,1.2952799697449985e+29,6.467483557292178e+28,-5.966994946990385e+34,8.704758403274607e+26,-8.980931150390655e+26
28223285801.55678,230443104180.51862,-99999782756.99654,-270899875930.19464,133705648598.94087,79691609409.40942,-10730.588332123161,21684.404782642283,0.032520111993814174,-29999.97458055033,11842.280399335415,-12228.50787638724,-6.408307351943952e+28,1.2949926536193971e+29,6.468250275569639e+28,-5.96699494407146e+34,8.701707637431663e+26,-8.985507587569345e+26
28115979918.23555,230659948228.34503,-99999782431.79541,-271199875676.00015,133824071402.93422,79569324330.64555,-10731.816689463107,21679.601989315273,0.03252395338007887,-29999.974565900022,11838.132777583385,-12234.729702942725,-6.409040926947368e+28,1.2947058308019082e+29,6.469014327297688e+28,-5.966994941157514e+34,8.698659964968272e+26,-8.990079385722313e+26
28008661751.34092,230876744248.2382,-99999782106.55588,-271499875421.65915,133942452730.71005,79446977033.61612,-10733.040651036767,21674.80743714687,0.03252778141276099,-29999.974551274692,11833.989357784276,-12240.94522798093,-6.409771876799157e+28,1.294419500146411e+29,6.4697757229981605e+28,-5.966994938248536e+34,8.695615380099886e+26,-8.994646553520387e+26
27901331344.83055,231093492322.60965,-99999781781.27806,-271799875167.1719,134060792624.2879,79324567581.3363,-10734.260234286343,21670.021106995486,0.03253159614452102,-29999.97453667428,11829.850132086985,-12247.154463270408,-6.410500211915804e+28,1.2941336605097704e+29,6.470534473145231e+28,-5.966994935344514e+34,8.692573877057516e+26,-8.999209099611095e+26
27793988742.487686,231310192533.6796,-99999781455.9621,-272099874912.53864,134179091125.60878,79202096036.7036,-10735.475456574888,21665.24297976944,0.032535397627781036,-29999.974522098728,11825.71509266151,-12253.35742054812,-6.411225942666523e+28,1.293848310751831e+29,6.471290588165647e+28,-5.9669949324454365e+34,8.689535450087678e+26,-9.003767032618758e+26
27686633987.921936,231526844963.4773,-99999781130.60812,-272399874657.7596,134297348276.5354,79079562462.49812,-10736.686335186703,21660.473036426818,0.032539185914725884,-29999.97450754798,11821.584231698871,-12259.554111519554,-6.411949079373499e+28,1.2935634497354096e+29,6.4720440784389775e+28,-5.966994929551293e+34,8.68650009345233e+26,-9.008320361144568e+26
27579267124.57007,231743449693.84155,-99999780805.21626,-272699874402.83508,134415564118.85239,78956966921.38293,-10737.892887327744,21655.71125797539,0.032542961057304386,-29999.97449302198,11817.457541411039,-12265.744547858829,-6.412669632312129e+28,1.2932790763262903e+29,6.472794954297842e+28,-5.966994926662071e+34,8.683467801428832e+26,-9.012869093766668e+26
27471888195.696793,231960006806.4213,-99999780479.78665,-272999874147.7653,134533738694.2665,78834309475.90434,-10739.095130126008,21650.957625472478,0.03254672310723055,-29999.974478520668,11813.33501403086,-12271.928741208807,-6.413387611711253e+28,1.2929951893932164e+29,6.473543226028156e+28,-5.966994923777761e+34,8.680438568309875e+26,-9.017413239040231e+26
27364497244.39553,232176516382.67603,-99999780154.31943,-273299873892.5505,134651872044.4068,78711590188.49225,-10740.293080631938,21646.212120024877,0.032550472115984726,-29999.97446404399,11809.216641811987,-12278.106703181204,-6.414103027753394e+28,1.2927117878078857e+29,6.474288903869361e+28,-5.966994920898349e+34,8.677412388403447e+26,-9.021952805497549e+26
27257094313.58921,232392978503.87628,-99999779828.81471,-273599873637.19095,134769964210.82492,78588809121.46043,-10741.486755818807,21641.474722788727,0.03255420813481481,-29999.974449591886,11805.102417028806,-12284.278445356691,-6.414815890574992e+28,1.2924288704449428e+29,6.475031998014666e+28,-5.966994918023825e+34,8.674389256032766e+26,-9.026487801648096e+26
27149679446.03102,232609393251.10416,-99999779503.27263,-273899873381.68686,134888015234.99521,78465966337.00687,-10742.67617258311,21636.745414969417,0.03255793121473742,-29999.9744351643,11800.992331976357,-12290.443979285012,-6.415526210266633e+28,1.2921464361819736e+29,6.475772518611273e+28,-5.966994915154179e+34,8.671369165536227e+26,-9.031018235978627e+26
27042252684.30519,232825760705.25385,-99999779177.69331,-274199873126.0385,135006025158.31497,78343061897.21402,-10743.861347744949,21632.02417782147,0.03256164140653903,-29999.974420761173,11796.88637897027,-12296.603316485083,-6.4162339968732836e+28,1.2918644838994982e+29,6.476510475760612e+28,-5.966994912289397e+34,8.668352111267354e+26,-9.035544116953239e+26
26934814070.82774,233042080947.03207,-99999778852.0769,-274499872870.24612,135123994022.10468,78220095864.04916,-10745.042298048425,21627.31099264844,0.03256533876077715,-29999.97440638245,11792.784550346689,-12302.756468445104,-6.41693926039452e+28,1.2915830124809648e+29,6.477245879518575e+28,-5.966994909429469e+34,8.665338087594746e+26,-9.040065453013462e+26
26827363647.847256,233258354056.95856,-99999778526.42352,-274799872614.30994,135241921867.60814,78097068299.36472,-10746.21904016202,21622.605840802797,0.0325690233277815,-29999.974392028078,11788.686838462203,-12308.903446622666,-6.417642010784758e+28,1.291302020812743e+29,6.47797873989574e+28,-5.966994906574384e+34,8.662327088902027e+26,-9.044582252578335e+26
26719901457.445637,233474580115.36658,-99999778200.73329,-275099872358.2302,135359808735.99277,77973979264.89848,-10747.391590678968,21617.908703685825,0.032572695157655124,-29999.974377697996,11784.593235693774,-12315.044262444851,-6.41834225795348e+28,1.2910215077841176e+29,6.478709066857604e+28,-5.966994903724131e+34,8.659319109587785e+26,-9.049094524044476e+26
26612427541.53885,233690759202.40344,-99999777875.00635,-275399872102.0072,135477654668.3497,77850828822.27403,-10748.55996611765,21613.219562747516,0.03257635430027555,-29999.97436339215,11780.503734438664,-12321.178927308347,-6.419040011765461e+28,1.2907414722872816e+29,6.479436870324806e+28,-5.966994900878698e+34,8.65631414406553e+26,-9.053602275786173e+26
26504941941.877674,233906891398.0309,-99999777549.2428,-275699871845.6411,135595459705.69409,77727617033.00095,-10749.724182921958,21608.538399486457,0.032580000805295925,-29999.974349110485,11776.418327114367,-12327.307452579545,-6.419735282040994e+28,1.2904619132173312e+29,6.4801621601733595e+28,-5.966994898038075e+34,8.653312186763636e+26,-9.05810551615545e+26
26397444700.048454,234122976782.0258,-99999777223.4428,-275999871589.1322,135713223888.96524,77604343958.47514,-10750.884257461683,21603.865195449718,0.032583634722146135,-29999.974334852945,11772.337006158537,-12333.42984959465,-6.420428078556117e+28,1.2901828294722573e+29,6.480884946234866e+28,-5.966994895202251e+34,8.650313232125293e+26,-9.062604253482148e+26
26289935857.47384,234339015433.9803,-99999776897.60645,-276299871332.4807,135830947259.02682,77481009659.9792,-10752.040206032872,21599.199932232754,0.032587256100033934,-29999.974320619473,11768.259764028922,-12339.546129659777,-6.421118411042832e+28,1.2899042199529402e+29,6.481605238296749e+28,-5.966994892371213e+34,8.647317274608452e+26,-9.067098496074004e+26
26182415455.41351,234555007433.3026,-99999776571.73389,-276599871075.6869,135948629856.66711,77357614198.6826,-10753.192044858217,21594.542591479287,0.03259086498794606,-29999.974306410015,11764.186593203289,-12345.656304051068,-6.4218062891893275e+28,1.289626083563143e+29,6.482323046102472e+28,-5.9669948895449515e+34,8.644324308685776e+26,-9.071588252216724e+26
26074883534.964928,234770952859.2174,-99999776245.82524,-276899870818.751,136066271722.59915,77234157635.64209,-10754.339790087406,21589.8931548812,0.03259446143464935,-29999.974292224513,11760.117486179357,-12351.760384014784,-6.422491722640199e+28,1.2893484192095053e+29,6.483038379351755e+28,-5.966994886723456e+34,8.641334328844592e+26,-9.076073530174063e+26
25967340137.064053,234986851790.7662,-99999775919.88063,-277199870561.6732,136183872897.46095,77110640031.80194,-10755.483457797505,21585.251604178426,0.03259804548869183,-29999.974278062913,11756.052435474729,-12357.858380767411,-6.4231747209966705e+28,1.2890712258015357e+29,6.483751247700804e+28,-5.966994883906713e+34,8.63834732958683e+26,-9.080554338187893e+26
25859785302.486076,235202704306.80798,-99999775593.90018,-277499870304.45386,136301433421.8157,76987061447.99426,-10756.623063993316,21580.617921158842,0.032601617198403834,-29999.97426392516,11751.991433626823,-12363.950305495766,-6.423855293816809e+28,1.2887945022516062e+29,6.484461660762523e+28,-5.966994881094714e+34,8.635363305428989e+26,-9.085030684478288e+26
25752219071.84614,235418510486.01956,-99999775267.884,-277799870047.0931,136418953336.15198,76863421944.9393,-10757.758624607743,21575.992087658164,0.03260517661189908,-29999.9742498112,11747.934473192801,-12370.036169357096,-6.424533450615744e+28,1.2885182474749456e+29,6.4851696281067266e+28,-5.966994878287447e+34,8.63238225090207e+26,-9.089502577243594e+26
25644641485.600063,235634270406.89615,-99999774941.83223,-278099869789.5912,136536432680.88391,76739721583.24573,-10758.890155502146,21571.374085559826,0.03260872377707577,-29999.974235720976,11743.881546749506,-12376.115983479182,-6.425209200865882e+28,1.2882424603896329e+29,6.485875159260371e+28,-5.966994875484902e+34,8.629404160551537e+26,-9.093970024660502e+26
25537052584.04504,235849984147.75174,-99999774615.745,-278399869531.9484,136653871496.35141,76615960423.41093,-10760.01767246671,21566.76389679488,0.03261225874161766,-29999.974221654436,11739.832646893388,-12382.189758960436,-6.42588255399712e+28,1.2879671399165904e+29,6.486578263707752e+28,-5.966994872687067e+34,8.626429028937261e+26,-9.098433034884128e+26
25429452407.320374,236065651786.7197,-99999774289.6224,-278699869274.165,136771269822.82034,76492138525.82133,-10761.1411912208,21562.161503341886,0.03261578155299514,-29999.974207611525,11735.78776624044,-12388.257506870006,-6.426553519397062e+28,1.2876922849795774e+29,6.487278950890733e+28,-5.966994869893932e+34,8.623456850633475e+26,-9.10289161604808e+26
25321840995.408165,236281273401.7531,-99999773963.46458,-278999869016.2411,136888627700.48274,76368255950.75264,-10762.260727413308,21557.566887226792,0.0326192922584663,-29999.97419359219,11731.74689742613,-12394.319238247877,-6.427222106411228e+28,1.2874178945051842e+29,6.487977230208946e+28,-5.966994867105486e+34,8.62048762022872e+26,-9.10734577626454e+26
25214218388.134033,236496849070.62537,-99999773637.27167,-279299868758.177,137005945169.457,76244312758.37016,-10763.376296623017,21552.980030522845,0.032622790905078,-29999.97417959637,11727.710033105335,-12400.374964104969,-6.427888324343266e+28,1.2871439674228243e+29,6.488673111020013e+28,-5.966994864321718e+34,8.6175213323258e+26,-9.111795523624331e+26
25106584625.167805,236712378870.9306,-99999773311.04376,-279599868499.97296,137123222269.78806,76120309008.72911,-10764.487914358944,21548.400915350463,0.03262627753966692,-29999.97416562402,11723.677165952273,-12406.424695423235,-6.428552182455161e+28,1.2868705026647298e+29,6.489366602639749e+28,-5.966994861542617e+34,8.61455798154173e+26,-9.116240866196993e+26
24998939746.024216,236927862880.0841,-99999772984.78099,-279899868241.6292,137240459041.44757,75996244761.77487,-10765.595596060699,21543.82952387713,0.03262975220886062,-29999.974151675076,11719.648288660437,-12412.468443155763,-6.429213689967449e+28,1.2865974991659423e+29,6.490057714342377e+28,-5.966994858768172e+34,8.611597562507689e+26,-9.120681812030854e+26
24891283790.06361,237143301175.32288,-99999772658.48347,-280199867983.14594,137357655524.33418,75872120077.3433,-10766.69935709882,21539.265838317293,0.03263321495907859,-29999.974137749494,11715.623393942527,-12418.506218226876,-6.429872856059416e+28,1.2863249558643088e+29,6.490746455360731e+28,-5.966994855998374e+34,8.608640069868968e+26,-9.125118369153108e+26
24783616796.492622,237358693833.70605,-99999772332.15132,-280499867724.52344,137474811758.27362,75747935015.16104,-10767.799212775131,21534.70984093224,0.032636665836533255,-29999.974123847212,11711.60247453039,-12424.538031532224,-6.430529689869309e+28,1.2860528717004734e+29,6.491432834886464e+28,-5.96699485323321e+34,8.60568549828493e+26,-9.129550545569877e+26
24675938804.364872,237574040932.1154,-99999772005.78467,-280799867465.7619,137591927783.01892,75623689634.84572,-10768.895178323079,21530.161514030002,0.03264010488723106,-29999.974109968185,11707.585523174945,-12430.56389393889,-6.431184200494543e+28,1.2857812456178719e+29,6.492116862070258e+28,-5.966994850472671e+34,8.602733842428949e+26,-9.133978349266297e+26
24568249852.581642,237789342547.25568,-99999771679.38362,-281099867206.8616,137709003638.25067,75499383995.90633,-10769.987268908077,21525.620839965242,0.03264353215697348,-29999.974096112353,11703.572532646127,-12436.583816285483,-6.431836396991904e+28,1.2855100765627243e+29,6.4927985460220244e+28,-5.966994847716747e+34,8.599785096988374e+26,-9.138401788206573e+26
24460549979.892563,238004598755.65533,-99999771352.9483,-281399866947.8227,137826039363.57712,75375018157.74347,-10771.075499627845,21521.087801139136,0.032646947691358015,-29999.974082279667,11699.563495732818,-12442.597809382236,-6.432486288377749e+28,1.2852393634840293e+29,6.493477895811109e+28,-5.966994844965425e+34,8.596839256664475e+26,-9.142820870334067e+26
24352839224.896286,238219809633.66672,-99999771026.47882,-281699866688.6455,137943034998.53445,75250592179.64964,-10772.159885512749,21516.56237999927,0.03265035153577926,-29999.97406847007,11695.55840524278,-12448.605884011102,-6.433133883628213e+28,1.2849691053335566e+29,6.494154920466495e+28,-5.966994842218697e+34,8.593896316172395e+26,-9.147235603571357e+26
24245117626.041157,238434975257.4667,-99999770699.97531,-281999866429.3302,138059990582.58688,75126106120.80952,-10773.240441526135,21512.044559039536,0.032653743735429876,-29999.97405468351,11691.557254002595,-12454.608050925852,-6.433779191679409e+28,1.2846993010658412e+29,6.494829628977002e+28,-5.96699483947655e+34,8.590956270241107e+26,-9.151645995820316e+26
24137385221.625896,238650095703.0571,-99999770373.43788,-282299866169.877,138176906155.12692,75001560040.30026,-10774.317182564666,21507.5343208,0.03265712433530161,-29999.974040919937,11687.560034857595,-12460.604320852168,-6.434422221427619e+28,1.2844299496381761e+29,6.495502030291489e+28,-5.966994836738975e+34,8.588019113613361e+26,-9.156052054962172e+26
24029642049.80025,238865171046.2651,-99999770046.86664,-282599865910.2862,138293781755.4755,74876953997.09174,-10775.390123458654,21503.03164786682,0.032660493380186305,-29999.974027179294,11683.566740671806,-12466.594704487741,-6.435062981729508e+28,1.2841610500106066e+29,6.496172133319056e+28,-5.966994834005961e+34,8.585084841045643e+26,-9.160453788857592e+26
23921888148.565666,239080201362.74377,-99999769720.2617,-282899865650.558,138410617422.8822,74752288050.04686,-10776.45927897239,21498.53652287212,0.03266385091467689,-29999.97401346153,11679.577364327877,-12472.579212502369,-6.435701481402312e+28,1.2838926011459232e+29,6.496839946929233e+28,-5.966994831277499e+34,8.582153447308124e+26,-9.164851205346741e+26
23814123555.775944,239295186727.9725,-99999769393.6232,-283199865390.6926,138527413196.52548,74627562257.92183,-10777.524663804475,21494.048928493878,0.032667196983168376,-29999.973999766597,11675.59189872702,-12478.557855538043,-6.436337729224033e+28,1.2836246020096544e+29,6.49750547995219e+28,-5.966994828553576e+34,8.579224927184614e+26,-9.169244312249354e+26
23706348309.137897,239510127217.25745,-99999769066.95123,-283499865130.6903,138644169115.51276,74502776679.36646,-10778.586292588147,21489.568847455826,0.03267053162985882,-29999.97398609444,11671.610336788946,-12484.530644209051,-6.436971733933642e+28,1.283357051570062e+29,6.498168741178919e+28,-5.966994825834184e+34,8.576299275472517e+26,-9.17363311736481e+26
23598562446.212017,239725022905.732,-99999768740.24591,-283799864870.5513,138760885218.88065,74377931372.92436,-10779.644179891604,21485.09626252734,0.03267385489875033,-29999.973972445005,11667.632671451805,-12490.497589102066,-6.437603504231267e+28,1.2830899487981328e+29,6.498829739361441e+28,-5.966994823119311e+34,8.573376486982787e+26,-9.178017628472198e+26
23490766004.4131,239939873868.35727,-99999768413.50735,-284099864610.2757,138877561545.59515,74253026397.03334,-10780.698340218334,21480.63115652331,0.032677166833650045,-29999.97395881824,11663.658895672119,-12496.458700776238,-6.43823304877839e+28,1.2828232926675723e+29,6.4994884832129935e+28,-5.966994820408947e+34,8.570456556539872e+26,-9.18239785333038e+26
23382959021.010918,240154680179.92252,-99999768086.73569,-284399864349.8639,138994198134.55188,74128061810.02557,-10781.748788007433,21476.173512304067,0.03268046747817107,-29999.973945214093,11659.68900242472,-12502.413989763296,-6.43886037619804e+28,1.2825570821547989e+29,6.500144981408226e+28,-5.966994817703083e+34,8.567539478981685e+26,-9.186773799678069e+26
23275141533.130844,240369441915.04556,-99999767759.93102,-284699864089.31604,139110795024.57614,74003037670.12794,-10782.795537633923,21471.72331277523,0.032683756875733466,-29999.973931632514,11655.722984702694,-12508.363466567629,-6.439485495074979e+28,1.2822913162389367e+29,6.500799242583386e+28,-5.966994815001707e+34,8.564625249159539e+26,-9.191145475233893e+26
23167313577.754505,240584159148.1733,-99999767433.09344,-284999863828.6324,139227352254.42316,73877954035.46227,-10783.838603409074,21467.28054088763,0.03268703506956521,-29999.97391807345,11651.760835517309,-12514.30714166639,-6.4401084139559e+28,1.2820259939018093e+29,6.50145127533652e+28,-5.966994812304809e+34,8.561713861938119e+26,-9.195512887696463e+26
23059475191.720413,240798831953.58218,-99999767106.2231,-285299863567.8131,139343869862.77832,73752810964.04561,-10784.877999580724,21462.84517963718,0.03269030210270315,-29999.97390453685,11647.802547897962,-12520.24502550958,-6.4407291413496086e+28,1.2817611141279325e+29,6.502101088227656e+28,-5.96699480961238e+34,8.558805312195421e+26,-9.199876044744439e+26
22951626411.724606,241013460405.37857,-99999766779.32008,-285599863306.85846,139460347888.2573,73627608513.79051,-10785.913740333586,21458.41721206478,0.03269355801799393,-29999.973891022666,11643.848114892115,-12526.17712852014,-6.441347685727218e+28,1.2814966759045088e+29,6.502748689778993e+28,-5.966994806924408e+34,8.555899594822726e+26,-9.204234954036598e+26
22843767274.32127,241228044577.4992,-99999766452.3845,-285899863045.7687,139576786369.40622,73502346742.50531,-10786.94583978957,21453.996621256196,0.03269680285809497,-29999.973877530843,11639.897529565233,-12532.103461094046,-6.441964055522332e+28,1.2812326782214201e+29,6.503394088475089e+28,-5.966994804240884e+34,8.552996704724532e+26,-9.208589623211904e+26
22735897815.923374,241442584543.71176,-99999766125.41647,-286199862784.544,139693185344.70187,73377025707.89436,-10787.974312008091,21449.58339034195,0.032700036665475364,-29999.973864061332,11635.950785000725,-12538.024033600399,-6.442578259131232e+28,1.2809691200712213e+29,6.50403729276305e+28,-5.966994801561799e+34,8.550096636818532e+26,-9.212940059889573e+26
22628018072.803295,241657080377.61517,-99999765798.4161,-286499862523.18463,139809544852.55188,73251645467.55836,-10788.999170986377,21445.177502497223,0.032703259482416855,-29999.973850614082,11632.00787429988,-12543.938856381514,-6.443190304913065e+28,1.2807060004491341e+29,6.504678311052712e+28,-5.96699479888714e+34,8.547199386035551e+26,-9.217286271669136e+26
22520128081.09343,241871532152.64014,-99999765471.38351,-286799862261.6908,139925864931.2949,73126206078.99455,-10790.020430659783,21440.778940941724,0.03270647135101473,-29999.973837189038,11628.06879058181,-12549.84793975301,-6.443800201190022e+28,1.2804433183530397e+29,6.5053171517168295e+28,-5.966994796216899e+34,8.544304947319514e+26,-9.221628266130512e+26
22412227876.78683,242085939942.04956,-99999765144.3188,-287099862000.0627,140042145619.2007,73000707599.59702,-10791.03810490209,21436.387688939605,0.03270967231317877,-29999.973823786153,11624.133526983393,-12555.7512940039,-6.444407956247529e+28,1.2801810727834732e+29,6.505953823091257e+28,-5.966994793551065e+34,8.541413315627397e+26,-9.225966050834065e+26
22304317495.73781,242300303818.93896,-99999764817.22208,-287399861738.30054,140158386954.47055,72875150086.65698,-10792.052207525821,21432.00372979933,0.03271286241063415,-29999.973810405376,11620.202076659201,-12561.648929396682,-6.4450135783344205e+28,1.279919262743616e+29,6.506588333475132e+28,-5.966994790889629e+34,8.538524485929181e+26,-9.230299633320682e+26
22196396973.66255,242514623856.23697,-99999764490.09344,-287699861476.4046,140274588975.23715,72749533597.36302,-10793.062752282534,21427.62704687358,0.03271604168492235,-29999.97379704666,11616.274432781456,-12567.540856167427,-6.44561707566313e+28,1.2796578872392901e+29,6.5072206911310545e+28,-5.96699478823258e+34,8.535638453207813e+26,-9.234629021111825e+26
22088466346.139725,242728900126.70572,-99999764162.93303,-287999861214.37506,140390751719.56497,72623858188.80135,-10794.069752863132,21423.25762355913,0.032719210177402085,-29999.97378370995,11612.35058853996,-12573.427084525865,-6.446218456409862e+28,1.2793969452789513e+29,6.507850904285274e+28,-5.966994785579909e+34,8.532755212459163e+26,-9.238954221709605e+26
21980525648.61109,242943132702.9413,-99999763835.74092,-288299860952.21216,140506875225.45038,72498123917.95609,-10795.073222898154,21418.895443296755,0.032722367929250186,-29999.973770395198,11608.430537142041,-12579.30762465548,-6.446817728714778e+28,1.2791364358736822e+29,6.508478981127861e+28,-5.966994782931605e+34,8.529874758691971e+26,-9.243275242596845e+26
21872574916.38211,243157321657.37427,-99999763508.51724,-288599860689.91614,140622959530.8218,72372330841.70953,-10796.073175958087,21414.540489571107,0.03272551498146252,-29999.973757102354,11604.514271812492,-12585.182486713586,-6.44741490068217e+28,1.2788763580371867e+29,6.509104929812895e+28,-5.966994780287658e+34,8.526997086927818e+26,-9.247592091237143e+26
21764614184.622528,243371467062.27,-99999763181.2621,-288899860427.4872,140739004673.53995,72246479016.84239,-10797.069625553648,21410.192745910615,0.03272865137485486,-29999.973743831368,11600.60178579351,-12591.05168083143,-6.448009980380638e+28,1.278616710785782e+29,6.509728758458631e+28,-5.966994777648059e+34,8.52412219220107e+26,-9.251904775074934e+26
21656643488.366993,243585568989.7291,-99999762853.97559,-289199860164.9255,140855010691.3979,72120568500.03407,-10798.062585136091,21405.852195887368,0.03273177715006379,-29999.973730582187,11596.693072344642,-12596.915217114269,-6.448602975843274e+28,1.2783574931383937e+29,6.510350475147688e+28,-5.966994775012797e+34,8.521250069558843e+26,-9.256213301535565e+26
21548662862.515633,243799627511.68796,-99999762526.65782,-289499859902.2313,140970977622.12134,71994599347.86293,-10799.052068097495,21401.518823117014,0.0327348923475476,-29999.973717354766,11592.78812474273,-12602.773105641456,-6.449193895067825e+28,1.2780987041165482e+29,6.510970087927218e+28,-5.966994772381862e+34,8.518380714060959e+26,-9.260517678025341e+26
21440672341.83466,244013642699.91913,-99999762199.3089,-289799859639.40485,141086905503.36877,71868571616.80652,-10800.03808777106,21397.19261125864,0.03273799700758714,-29999.973704149055,11588.886936281844,-12608.625356466533,-6.449782746016877e+28,1.2778403427443661e+29,6.511587604809081e+28,-5.966994769755247e+34,8.5155141207799e+26,-9.264817911931608e+26
21332671960.956947,244227614626.0317,-99999761871.92892,-290099859376.44635,141202794372.7316,71742485363.24185,-10801.020657431392,21392.873544014674,0.032741091170286694,-29999.973690965002,11584.98950027323,-12614.47197961731,-6.450369536618028e+28,1.2775824080485564e+29,6.512203033770023e+28,-5.966994767132939e+34,8.51265028480077e+26,-9.2691140106228e+26
21224661754.382633,244441543361.47186,-99999761544.518,-290399859113.356,141318644267.73434,71616340643.44568,-10801.999790294802,21388.561605130762,0.03274417487557489,-29999.97367780256,11581.095810045254,-12620.31298509596,-6.4509542747640555e+28,1.2773248990584092e+29,6.512816382751846e+28,-5.966994764514929e+34,8.509789201221252e+26,-9.273405981448511e+26
21116641756.479687,244655428977.52316,-99999761217.07626,-290699858850.13403,141434455225.8348,71490137513.59473,-10802.975499519578,21384.256778395684,0.032747248163205525,-29999.97366466168,11577.205858943338,-12626.148382879092,-6.4515369683130925e+28,1.2770678148057903e+29,6.513427659661579e+28,-5.966994761901208e+34,8.506930865151565e+26,-9.277693831739556e+26
21008612001.48449,244869271545.30713,-99999760889.60378,-290999858586.78064,141550227284.42426,71363876029.76593,-10803.947798206289,21379.959047641212,0.03275031107275844,-29999.973651542314,11573.319640329912,-12631.978182917848,-6.452117625088796e+28,1.2768111543251332e+29,6.5140368723716535e+28,-5.966994759291766e+34,8.504075271714419e+26,-9.281977568808034e+26
20900572523.502426,245083071135.78354,-99999760562.10066,-291299858323.2961,141665960480.82755,71237556247.93675,-10804.916699398056,21375.66839674203,0.032753363643640385,-29999.97363844441,11569.43714758435,-12637.80239513798,-6.45269625288052e+28,1.276554916653434e+29,6.514644028720072e+28,-5.966994756686593e+34,8.501222416044981e+26,-9.286257199947387e+26
20792523356.508446,245296827819.75095,-99999760234.56703,-291599858059.68054,141781654852.30338,71111178223.98537,-10805.882216080843,21371.384809615603,0.03275640591508584,-29999.973625367922,11565.55837410292,-12643.621029439939,-6.4532728594434795e+28,1.276299100830244e+29,6.515249136510574e+28,-5.9669947540856795e+34,8.498372293290826e+26,-9.290532732432467e+26
20684464534.347637,245510541667.8471,-99999759907.00298,-291899857795.9342,141897310436.0444,70984742013.69096,-10806.844361183732,21367.10827022209,0.03275943792615792,-29999.9736123128,11561.683313298723,-12649.434095698953,-6.453847452498925e+28,1.2760437058976631e+29,6.5158522035128095e+28,-5.966994751489015e+34,8.495524898611901e+26,-9.29480417351959e+26
20576396090.7358,245724212750.54932,-99999759579.4086,-292199857532.0573,142012927269.1774,70858247672.73398,-10807.803147579209,21362.83876256421,0.032762459715749134,-29999.973599278994,11557.811958601636,-12655.241603765118,-6.454420039734304e+28,1.2757887309003348e+29,6.516453237462502e+28,-5.966994748896592e+34,8.492680227180483e+26,-9.299071530446609e+26
20468318059.26001,245937841138.17496,-99999759251.784,-292499857268.0501,142128505388.76343,70731695256.69632,-10808.758588083438,21358.57627068716,0.03276547132258231,-29999.97358626646,11553.944303458262,-12661.043563463478,-6.4549906288034295e+28,1.2755341748854374e+29,6.517052246061621e+28,-5.966994746308398e+34,8.48983827418113e+26,-9.303334810432963e+26
20360230473.379177,246151426900.88184,-99999758924.12929,-292799857003.9128,142244044831.798,70605084821.06169,-10809.71069545654,21354.32077867849,0.03276847278521138,-29999.973573275147,11550.08034133187,-12666.839984594104,-6.455559227326646e+28,1.2752800369026796e+29,6.517649236978543e+28,-5.9669947437244265e+34,8.486999034810658e+26,-9.307594020679747e+26
20252133366.42461,246364970108.6686,-99999758596.44456,-293099856739.6455,142359545635.21133,70478416421.21574,-10810.659482402869,21350.072270668,0.03277146414202221,-29999.97356030501,11546.22006570234,-12672.630876932186,-6.456125842890994e+28,1.275026316004293e+29,6.5182442178482166e+28,-5.966994741144666e+34,8.48416250427808e+26,-9.31184916836977e+26
20144026771.600582,246578470831.37527,-99999758268.72992,-293399856475.24854,142475007835.86835,70351690112.44643,-10811.604961571282,21345.83073082762,0.03277444543123342,-29999.973547356,11542.363470066111,-12678.416250228105,-6.45669048305037e+28,1.2747730112450255e+29,6.518837196272327e+28,-5.966994738569108e+34,8.481328677804578e+26,-9.316100260667612e+26
20035910721.98487,246791929138.68356,-99999757940.98546,-293699856210.7221,142590431470.569,70224905949.94415,-10812.547145555418,21341.596143371324,0.03277741669089726,-29999.973534428067,11538.510547936123,-12684.196114207523,-6.457253155325696e+28,1.2745201216821355e+29,6.519428179819464e+28,-5.966994735997742e+34,8.478497550623463e+26,-9.320347304719687e+26
19927785250.529316,247005345100.11728,-99999757613.21129,-293999855946.0664,142705816576.04837,70098063988.80208,-10813.486046893964,21337.368492555004,0.03278037795890034,-29999.973521521162,11534.661292841762,-12689.97047857146,-6.457813867205076e+28,1.2742676463753849e+29,6.520017176025277e+28,-5.966994733430559e+34,8.475669117980126e+26,-9.324590307654309e+26
19819650390.060375,247218718785.04282,-99999757285.40752,-294299855681.2816,142821163188.97678,69971164284.01636,-10814.421678070927,21333.147762676374,0.03278332927296451,-29999.97350863524,11530.815698328808,-12695.739352996377,-6.458372626143958e+28,1.274015584387033e+29,6.520604192392641e+28,-5.9669947308675495e+34,8.472843375132008e+26,-9.328829276581738e+26
19711506173.279667,247432050262.6696,-99999756957.57422,-294599855416.368,142936471345.96005,69844206890.48639,-10815.354051515898,21328.93393807485,0.03278627067064763,-29999.973495770257,11526.973757959384,-12701.502747134256,-6.4589294395652945e+28,1.27376393478183e+29,6.521189236391813e+28,-5.966994728308704e+34,8.470020317348556e+26,-9.333064218594251e+26
19603352632.764507,247645339602.05032,-99999756629.71152,-294899855151.3257,143051741083.53964,69717191863.01505,-10816.283179604327,21324.72700313145,0.03278920218934438,-29999.97348292616,11523.13546531189,-12707.260670612683,-6.459484314859704e+28,1.2735126966270102e+29,6.521772315460596e+28,-5.966994725754013e+34,8.467199939911176e+26,-9.337295140766199e+26
19495189800.968464,247858586872.08163,-99999756301.81949,-295199854886.15497,143166972438.19275,69590119256.30891,-10817.20907465778,21320.526942268694,0.03279212386628707,-29999.973470102905,11519.300813980966,-12713.013133034925,-6.460037259385627e+28,1.2732618689922865e+29,6.522353437004498e+28,-5.966994723203468e+34,8.464382238113214e+26,-9.341522050154063e+26
19387017710.221886,248071792141.50433,-99999755973.89825,-295499854620.856,143282165446.33255,69462989124.97856,-10818.131748944206,21316.333739950474,0.03279503573854643,-29999.973457300443,11515.469797577423,-12718.760143980013,-6.460588280469481e+28,1.2730114509498424e+29,6.522932608396885e+28,-5.966994720657058e+34,8.461567207259891e+26,-9.345744953796513e+26
19278836392.732445,248284955478.90384,-99999755645.94789,-295799854355.429,143397320144.30832,69335801523.53876,-10819.0512146782,21312.14738068197,0.03279793784303239,-29999.973444518728,11511.642409728202,-12724.501713002819,-6.461137385405821e+28,1.2727614415743274e+29,6.523509836979142e+28,-5.966994718114775e+34,8.458754842668282e+26,-9.349963858714471e+26
19170645880.585663,248498076952.71066,-99999755317.9685,-296099854089.8742,143512436568.4056,69208556506.40872,-10819.967484021265,21307.967849009532,0.03280083021649488,-29999.973431757717,11507.81864407631,-12730.237849634139,-6.4616845814575e+28,1.2725118399428493e+29,6.524085130060832e+28,-5.96699471557661e+34,8.455945139667272e+26,-9.354178771911165e+26
19062446205.74545,248711156631.20074,-99999754989.9602,-296399853824.1918,143627514754.84637,69081254127.91238,-10820.880569082068,21303.795129520568,0.03280371289552459,-29999.97341901736,11503.998494280773,-12735.96856338077,-6.462229875855811e+28,1.2722626451349685e+29,6.5246584949198406e+28,-5.966994713042552e+34,8.453138093597512e+26,-9.358389700372189e+26
18954237400.05463,248924194582.49594,-99999754661.92308,-296699853558.38196,143742554739.78918,68953894442.27858,-10821.790481916703,21299.62920684345,0.03280658591655378,-29999.973406297606,11500.18195401659,-12741.693863725583,-6.462773275800656e+28,1.2720138562326908e+29,6.525229938802546e+28,-5.966994710512594e+34,8.450333699811391e+26,-9.362596651065558e+26
18846019495.235462,249137190874.56436,-99999754333.85722,-296999853292.44495,143857556559.32935,68826477503.64133,-10822.697234528943,21295.470065647394,0.03280944931585701,-29999.973393598415,11496.369016974666,-12747.413760127612,-6.463314788460686e+28,1.2717654723204625e+29,6.525799468923959e+28,-5.966994707986725e+34,8.447531953672984e+26,-9.366799630941769e+26
18737792522.89017,249350145575.22083,-99999754005.76273,-297299853026.3809,143972520249.49908,68699003366.040054,-10823.600838870498,21291.31769064237,0.03281230312955197,-29999.97338091974,11492.55967686177,-12753.128262022128,-6.463854420973462e+28,1.2715174924851623e+29,6.526367092467886e+28,-5.966994705464936e+34,8.444732850558029e+26,-9.37099864693386e+26
18629556514.501465,249563058752.12726,-99999753677.6397,-297599852760.1901,144087445846.2677,68571472083.41983,-10824.50130684127,21287.17206657897,0.03281514739360017,-29999.973368261533,11488.753927400483,-12758.837378820712,-6.464392180445607e+28,1.271269915816096e+29,6.526932816587073e+28,-5.966994702947219e+34,8.441936385853875e+26,-9.375193705957458e+26
18521311501.433052,249775930472.79306,-99999753349.48822,-297899852493.87274,144202333385.54172,68443883709.63162,-10825.398650289606,21283.033178248326,0.03281798214380776,-29999.973355623748,11484.951762329138,-12764.541119911339,-6.464928073952953e+28,1.27102274140499e+29,6.527496648403363e+28,-5.966994700433563e+34,8.43914255495945e+26,-9.379384814910851e+26
18413057514.930157,249988760804.57553,-99999753021.3084,-298199852227.42896,144317182903.165,68316238298.43251,-10826.292881012545,21278.901010481994,0.03282080741582627,-29999.973343006342,11481.153175401776,-12770.239494658448,-6.465462108540692e+28,1.2707759683459848e+29,6.528058595007845e+28,-5.966994697923961e+34,8.436351353285225e+26,-9.383571980675028e+26
18304794586.12003,250201549814.68036,-99999752693.10033,-298499851960.859,144431994434.91904,68188535903.48592,-10827.184010756073,21274.775548151847,0.032823623245153345,-29999.973330409266,11477.358160388096,-12775.93251240303,-6.465994291223527e+28,1.2705295957356284e+29,6.528618663461e+28,-5.966994695418403e+34,8.433562776253172e+26,-9.387755210113745e+26
18196522746.01247,250414297570.16187,-99999752364.86409,-298799851694.1631,144546768016.52292,68060776578.36189,-10828.07205121537,21270.656776169966,0.03282642966713352,-29999.973317832475,11473.566711073398,-12781.620182462691,-6.466524628985819e+28,1.2702836226728705e+29,6.529176860792857e+28,-5.966994692916879e+34,8.430776819296732e+26,-9.391934510073586e+26
18088242025.500317,250627004137.92355,-99999752036.5998,-299099851427.34143,144661503683.63367,67932960376.53727,-10828.957014035055,21266.544679488543,0.03282922671695894,-29999.973305275926,11469.778821258533,-12787.302514131741,-6.467053128781736e+28,1.270038048259056e+29,6.529733194003133e+28,-5.966994690419381e+34,8.42799347786077e+26,-9.396109887384003e+26
17979952455.359966,250839669584.71844,-99999751708.30753,-299399851160.39417,144776201471.84625,67805087351.39595,-10829.83891080944,21262.439243099765,0.032832014429670126,-29999.97329273957,11465.994484759856,-12792.979516681258,-6.467579797535398e+28,1.269792871597918e+29,6.5302876700613875e+28,-5.966994687925901e+34,8.425212747401542e+26,-9.400281348857388e+26
17871654066.251873,251052293977.14944,-99999751379.98738,-299699850893.32153,144890861416.69385,67677157556.22914,-10830.717753082765,21258.340452035718,0.032834792840156696,-29999.973280223363,11462.213695409173,-12798.651199359174,-6.468104642141027e+28,1.2695480917955732e+29,6.530840295907166e+28,-5.966994685436427e+34,8.42243462338666e+26,-9.40444890128912e+26
